"DTXSID","Compound","CAS","logP","MW","pKa_Accept","pKa_Donor","Human.Clint","Human.Clint.pValue","Human.Funbound.plasma","Human.Rblood2plasma","has_SEEM","SEEM_mg_kg_day","SEEM_l95","SEEM_u95","SEEM_pathway"
"DTXSID0039223","Aldicarb","116-06-3",1.129,190.3,"1.63","14.3",0,0.3291,0.4809,NA,TRUE,1.313e-06,3.357e-08,0.0006519,"Pesticide"
"DTXSID9020089","Anilazine","101-05-3",3.878,275.5," ","10.5",22.5,2.95e-07,0.005,NA,TRUE,1.453e-07,3.761e-09,5.928e-05,"Pesticide"
"DTXSID7020182","Bisphenol-a","80-05-7",3.32,228.3," ","9.78,10.4",19.9,0,0.0385,0.7702,TRUE,5.856e-05,2.467e-07,0.03493,"Dietary, Residential"
"DTXSID7032551","Fluazinam","79622-59-6",4.01,465.1," ","6.89",24.76,4.15e-07,0.004357,NA,TRUE,6.555e-08,2.858e-09,4.534e-05,"Pesticide"
"DTXSID2032552","Flufenacet","142459-58-3",3.2,363.3," ","12.6",29,9.4e-11,0.1375,NA,TRUE,1.473e-07,2.346e-08,7.763e-05,"Pesticide"
"DTXSID3021986","Tributyl phosphate","126-73-8",3.997,266.3," "," ",0,0.2154,0.03481,NA,TRUE,1.987e-05,4.205e-09,0.0124,"Dietary, Industrial"
"DTXSID1020510","""7,12-dimethylbenz(a)anthracene""","57-97-6",5.8,256.3," "," ",3.226,0.002,0.005,NA,TRUE,8.279e-06,1.756e-08,0.001025,"Industrial"
"DTXSID2020892","Metronidazole","443-48-1",-0.02363,171.2,"2.33"," ",3,NA,0.96,1.07,TRUE,1.219e-07,1.33e-09,5.292e-06,"Unknown"
"DTXSID9022524","Thalidomide","50-35-1",0.3288,258.2," ","11.6",4,NA,0.4,NA,TRUE,5.593e-07,6.021e-09,NA,"Unknown"
"DTXSID9024065","1,3-dinitrobenzene","99-65-0",1.492,168.1," "," ",0,0.9989,0.391,NA,TRUE,1.853e-05,1.595e-08,0.01702,"Unknown"
"DTXSID3021770","2,2',6,6'-tetrachlorobisphenol a","79-95-8",7.151,366.1," ","6.27,6.88",18.7,0,0.00598,NA,TRUE,3.135e-07,8.022e-09,0.0003698,"Unknown"
"DTXSID9029221","Clopyralid","1702-17-6",1.062,192," ","3.15",0,0.454,0.438,NA,TRUE,2.968e-07,9.777e-09,0.0001342,"Unknown"
"DTXSID8034588","Famoxadone","131807-57-3",4.649,374.4," ","14.3",16.4,0,0.0097,NA,TRUE,1.646e-07,8.175e-09,4.722e-05,"Pesticide"
"DTXSID9041653","Methyl 2,4-dihydroxy-3,6-dimethylbenzoate","4707-47-5",2.051,196.2," ","9.11,10.9",268,0,0.0335,NA,TRUE,0.0001883,1.152e-09,16.42,"Unknown"
"DTXSID9034816","Monocrotophos","6923-22-4",-0.1994,223.2," "," ",0,0.05952,0.898,NA,TRUE,1.876e-07,1.006e-08,0.0001949,"Unknown"
"DTXSID3048520","Piragliatin","625114-41-2",1.964,421.9,"0.08","11.4",6.26,0,0.48,NA,TRUE,1.506e-07,4.998e-09,9.114e-05,"Unknown"
"DTXSID8022325","2,2-bis(4-hydroxyphenyl)-1,1,1-trichloroethane (hpte)","2971-36-0",4.622,317.6," ","9.63,10.2",136.5,3.57e-05,0.005,NA,TRUE,NA,NA,NA,NA
"DTXSID0020442","2,4-d","94-75-7",2.809,221," ","2.81",0,0.1488,0.04001,2.11,TRUE,NA,NA,NA,NA
"DTXSID7024035","2,4-db","94-82-6",3.528,249.1," ","3.58",0,0.1038,0.006623,NA,TRUE,NA,NA,NA,NA
"DTXSID2021151","2-phenylphenol","90-43-7",3.091,170.2," ","9.69",0,0.1635,0.04105,NA,TRUE,NA,NA,NA,NA
"DTXSID0037495","6-desisopropylatrazine","1007-28-9",1.15,173.6,"3.41"," ",0,0.5387,0.4588,NA,TRUE,NA,NA,NA,NA
"DTXSID8023892","Abamectin","71751-41-2",4.48,819," ","12.5,13.2,13.8",5.24,0.000917,0.06687,NA,FALSE,NA,NA,NA,NA
"DTXSID8023846","Acephate","30560-19-1",-0.8482,183.2," ","6.54",0,0.000143,0.8684,NA,TRUE,NA,NA,NA,NA
"DTXSID0034300","Acetamiprid","135410-20-7",1.834,222.7,"4.16"," ",0,0.9983,0.5732,NA,TRUE,NA,NA,NA,NA
"DTXSID8023848","Acetochlor","34256-82-1",3.032,269.8," "," ",84.71,0.01893,0.1598,NA,TRUE,NA,NA,NA,NA
"DTXSID0020022","Acifluorfen","50594-66-6",3.701,361.7," ","1.36",0,1,0.0111,NA,TRUE,NA,NA,NA,NA
"DTXSID1022265","Alachlor","15972-60-8",3.518,269.8," "," ",62.9,0.0003882,0.1332,NA,TRUE,NA,NA,NA,NA
"DTXSID4020791","Malathion","121-75-5",2.359,330.4," "," ",368,0,0.145,NA,TRUE,NA,NA,NA,NA
"DTXSID1023869","Ametryn","834-12-8",2.979,227.3,"5.74","14.8",14.7,NA,0.003952,NA,TRUE,NA,NA,NA,NA
"DTXSID5023871","Amitraz","33089-61-1",5.495,293.4,"8.83,8.22"," ",33.3,0,3.02e-08,NA,TRUE,NA,NA,NA,NA
"DTXSID7032424","Mesotrione","104206-82-8",0.783,339.3," ","7.06",0,0.7945,0.3548,NA,TRUE,NA,NA,NA,NA
"DTXSID9020112","Atrazine","1912-24-9",2.611,215.7,"3.2","14.6",0,0.05366,0.1237,NA,TRUE,NA,NA,NA,NA
"DTXSID3020122","Azinphos-methyl","86-50-0",2.749,317.3," "," ",32.63,0.01134,0.2137,NA,TRUE,NA,NA,NA,NA
"DTXSID0032520","Azoxystrobin","131860-33-8",2.503,403.4," "," ",32.39,5e-15,0.04763,NA,TRUE,NA,NA,NA,NA
"DTXSID9032327","Bendiocarb","22781-23-3",1.702,223.2," ","14.8",21.66,3.36e-11,0.1971,NA,TRUE,NA,NA,NA,NA
"DTXSID7024164","Bensulfuron-methyl","83055-99-6",2.289,410.4," ","3.29",1.65,0,0.00905,NA,TRUE,NA,NA,NA,NA
"DTXSID9032329","Bensulide","741-58-2",4.209,397.5," ","10.2",250.3,0.0008902,0.006078,NA,TRUE,NA,NA,NA,NA
"DTXSID0023901","Bentazone","25057-89-0",2.337,240.3," ","2.03",0,0.01215,0.02147,NA,TRUE,NA,NA,NA,NA
"DTXSID5032525","Bifenazate","149877-41-8",3.165,300.4," ","13.7",41.15,6.54e-10,0.836,NA,TRUE,NA,NA,NA,NA
"DTXSID9020160","Bifenthrin","82657-04-3",6.186,422.9," "," ",0,0.9994,0.005,NA,TRUE,NA,NA,NA,NA
"DTXSID6032562","Mgk","113-48-4",3.7,275.4," "," ",0,0.1442,0.005,NA,TRUE,NA,NA,NA,NA
"DTXSID6034392","Boscalid","188425-85-6",2.961,343.2," ","14.3",17.28,3.48e-11,0.03201,NA,TRUE,NA,NA,NA,NA
"DTXSID4022020","Bromacil","314-40-9",2.109,261.1," ","12.2",0,0.1992,0.0852,NA,TRUE,NA,NA,NA,NA
"DTXSID3022162","Bromoxynil","1689-84-5",2.625,276.9," ","5.11",7.866,8.29e-06,0.5001,NA,TRUE,NA,NA,NA,NA
"DTXSID8034401","Buprofezin","69327-76-0",4.299,305.4," "," ",18.47,0.00505,0.0003605,NA,TRUE,NA,NA,NA,NA
"DTXSID3034402","Butachlor","23184-66-9",4.497,311.8," "," ",100.8,0.002182,0.005,NA,TRUE,NA,NA,NA,NA
"DTXSID3032337","Butralin","33629-47-9",4.929,295.3," ","10.4",31.35,1.93e-05,0.005,NA,TRUE,NA,NA,NA,NA
"DTXSID7023936","Butylate","2008-41-5",4.149,217.4," "," ",52.51,0.000398,0.005,NA,TRUE,NA,NA,NA,NA
"DTXSID9020247","Carbaryl","63-25-2",2.358,201.2," ","14.8",27.27,1.67e-08,0.6922,NA,TRUE,NA,NA,NA,NA
"DTXSID0023951","Carboxin","5234-68-4",2.14,235.3," ","13.2",24.41,0.001153,0.175,NA,TRUE,NA,NA,NA,NA
"DTXSID2032344","Chlorethoxyfos","54593-83-8",4.588,336," "," ",617,0,0.00394,NA,TRUE,NA,NA,NA,NA
"DTXSID3034872","Chloridazon","1698-60-8",1.172,221.6,"5.59","13.4",0,0.1044,0.4273,NA,TRUE,NA,NA,NA,NA
"DTXSID7020764","Chlorpropham","101-21-3",3.507,213.7," ","12.9",78.1,0.00396,0.0833,NA,TRUE,NA,NA,NA,NA
"DTXSID6032352","Chlorpyrifos-methyl","5598-13-0",4.31,322.5," "," ",24.1,0,0.005,NA,TRUE,NA,NA,NA,NA
"DTXSID3034456","Cinmethylin","87818-31-3",4.62,274.4," "," ",28.17,1.27e-05,0.005,NA,TRUE,NA,NA,NA,NA
"DTXSID9023881","Clofentezine","74115-24-5",3.1,303.2," "," ",0,0.9992,0.005,NA,TRUE,NA,NA,NA,NA
"DTXSID1032355","Clomazone","81777-89-1",2.498,239.7," "," ",3.038,5.3e-06,0.1734,NA,TRUE,NA,NA,NA,NA
"DTXSID9034232","Cloprop","101-10-0",2.542,200.6," ","3.27",0,0.544,0.02239,NA,TRUE,NA,NA,NA,NA
"DTXSID2034465","Clothianidin","210880-92-5",0.7017,249.7,"0.41"," ",10.73,0.01017,0.5059,NA,TRUE,NA,NA,NA,NA
"DTXSID2020347","Coumaphos","56-72-4",4.128,362.8," "," ",31.7,0,2.9e-07,NA,TRUE,NA,NA,NA,NA
"DTXSID1023990","Cyanazine","21725-46-2",2.221,240.7," ","14.4",0,0.05328,0.3155,NA,TRUE,NA,NA,NA,NA
"DTXSID5032600","Cyclanilide","113136-77-9",2.683,274.1," ","3.39,12.5",0,0.522,0.984,NA,TRUE,NA,NA,NA,NA
"DTXSID6032356","Cycloate","1134-23-2",3.924,215.4," "," ",34.48,4.36e-05,0.005,NA,TRUE,NA,NA,NA,NA
"DTXSID0032601","Cyproconazole","94361-06-5",2.902,291.8,"2","13.3",1.538,0.02287,0.1086,NA,TRUE,NA,NA,NA,NA
"DTXSID1032359","Cyprodinil","121552-61-2",3.998,225.3,"3.1","13.6",37.77,0.0004786,0.002141,NA,TRUE,NA,NA,NA,NA
"DTXSID6023999","Cyromazine","66215-27-8",0.8033,166.2,"8.36,1.65","14.9",0,0.4778,0.9352,NA,TRUE,NA,NA,NA,NA
"DTXSID8035180","D-cis,trans-allethrin","584-79-2",4.78,302.4," "," ",0,0.2037,0.2902,NA,TRUE,NA,NA,NA,NA
"DTXSID7024902","Dazomet","533-74-4",0.6304,162.3,"4.06"," ",12.42,0.03019,0.8914,NA,TRUE,NA,NA,NA,NA
"DTXSID9020407","Diazinon","333-41-5",3.809,304.3,"4.18"," ",30.5,0,0.0388,NA,TRUE,NA,NA,NA,NA
"DTXSID5037523","Diazoxon","962-58-3",2.072,288.3,"3.8"," ",34.62,0.005082,0.3269,NA,TRUE,NA,NA,NA,NA
"DTXSID4024018","Dicamba","1918-00-9",2.212,221," ","2.54",0,0.1872,0.1802,NA,TRUE,NA,NA,NA,NA
"DTXSID5032365","Dichlobenil","1194-65-6",2.741,172," "," ",0,0.1662,0.06222,NA,TRUE,NA,NA,NA,NA
"DTXSID2020426","Dichloran","99-30-9",2.799,207," ","14.4",0,0.1506,0.005,NA,TRUE,NA,NA,NA,NA
"DTXSID0020440","Dichlorprop","120-36-5",2.827,235.1," ","2.95",0,0.08224,0.008529,NA,TRUE,NA,NA,NA,NA
"DTXSID0032605","Diclofop-methyl","51338-27-3",4.709,341.2," "," ",0,0.4109,0.005,NA,TRUE,NA,NA,NA,NA
"DTXSID4034528","Diclosulam","145701-21-9",2.52,406.2," ","8.76",3.442,5.66e-06,0.00648,NA,TRUE,NA,NA,NA,NA
"DTXSID4020450","Dicofol","115-32-2",5.024,370.5," ","11",27.8,0.00052,1.57e-08,NA,TRUE,NA,NA,NA,NA
"DTXSID9023914","Dicrotophos","141-66-2",0.0002994,237.2," "," ",0,0.09194,0.8457,NA,TRUE,NA,NA,NA,NA
"DTXSID5020607","Diethylhexyl phthalate (dehp)","117-81-7",7.525,390.6," "," ",0,0.1937,0.04558,NA,TRUE,NA,NA,NA,NA
"DTXSID2021995","Diethyltoluamide","134-62-3",2.184,191.3," "," ",3.797,5.47e-05,0.3559,NA,TRUE,NA,NA,NA,NA
"DTXSID4032372","Difenoconazole","119446-68-3",4.297,406.3,"1.95"," ",30.6,0,0.0115,NA,TRUE,NA,NA,NA,NA
"DTXSID6024048","Difenzoquat metilsulfate","43222-48-6",0.5632,360.4," "," ",0,0.6409,0.8513,NA,TRUE,NA,NA,NA,NA
"DTXSID4032376","Dimethenamid","87674-68-8",2.15,275.8," "," ",19.92,9.76e-12,0.2318,NA,TRUE,NA,NA,NA,NA
"DTXSID7020479","Dimethoate","60-51-5",0.7805,229.2," "," ",3.682,0.002428,0.9649,NA,TRUE,NA,NA,NA,NA
"DTXSID7034545","Dimethomorph","110488-70-5",2.68,387.9," "," ",20.3,3e-08,0.09428,NA,TRUE,NA,NA,NA,NA
"DTXSID3022455","Dimethyl phthalate","131-11-3",1.584,194.2," "," ",0,0.2039,0.656,NA,TRUE,NA,NA,NA,NA
"DTXSID2040363","Diniconazole","83657-24-3",4.297,326.2,"1.58","13.7",0,0.09297,0.01947,NA,TRUE,NA,NA,NA,NA
"DTXSID4021975","Diphenylamine","122-39-4",3.499,169.2,"0.78"," ",64.57,0.02646,0.003875,NA,TRUE,NA,NA,NA,NA
"DTXSID9032379","Dithiopyr","97886-45-8",4.749,401.4," "," ",13.25,4.24e-05,0.005,NA,TRUE,NA,NA,NA,NA
"DTXSID0020446","Diuron","330-54-1",2.678,233.1," ","13.2",12.15,0.00231,0.1615,NA,TRUE,NA,NA,NA,NA
"DTXSID0034566","Emamectin benzoate","155569-91-8",5,1008,"9.34","12.6,13.7",0,0.1978,0.001379,NA,FALSE,NA,NA,NA,NA
"DTXSID1020560","Endosulfan","115-29-7",3.828,406.9," "," ",0,0.1142,0.11,0.8364,TRUE,NA,NA,NA,NA
"DTXSID1024091","Eptc","759-94-4",3.21,189.3," "," ",80.36,1.46e-06,0.005,NA,TRUE,NA,NA,NA,NA
"DTXSID4032667","Esfenvalerate","66230-04-4",6.2,419.9," ","10.6",0,0.9779,3.58e-08,NA,TRUE,NA,NA,NA,NA
"DTXSID8032386","Ethalfluralin","55283-68-6",5.11,333.3," "," ",0,0.5052,0.005,NA,TRUE,NA,NA,NA,NA
"DTXSID9034573","Ethametsulfuron methyl","97780-06-8",1.59,410.4," ","3.46,14.8",0,0.2579,0.01566,NA,TRUE,NA,NA,NA,NA
"DTXSID8034580","Ethofumesate","26225-79-6",2.703,286.3," "," ",17.64,6.13e-05,0.1313,NA,TRUE,NA,NA,NA,NA
"DTXSID4032611","Ethoprop","13194-48-4",3.588,242.3," "," ",20.95,1.87e-07,0.09346,NA,TRUE,NA,NA,NA,NA
"DTXSID8034586","Etoxazole","153233-91-1",3.762,359.4,"0.74"," ",18.48,0.01634,0.005,NA,TRUE,NA,NA,NA,NA
"DTXSID3032547","Etridiazole","2593-15-9",3.368,247.5," "," ",127,0.002858,0.005,NA,TRUE,NA,NA,NA,NA
"DTXSID2034590","Fenamidone","161326-34-7",2.747,311.4,"0.98"," ",17.74,9.21e-11,0.02436,NA,TRUE,NA,NA,NA,NA
"DTXSID3024102","Fenamiphos","22224-92-6",3.23,303.4," ","10.5",62.11,0.007627,0.04138,NA,TRUE,NA,NA,NA,NA
"DTXSID2032390","Fenarimol","60168-88-9",3.59,331.2,"1.04","12.1",3.788,0.007804,0.03671,NA,TRUE,NA,NA,NA,NA
"DTXSID8032548","Fenbuconazole","114369-43-6",3.229,336.8,"2.27"," ",21.7,0,0.0188,NA,TRUE,NA,NA,NA,NA
"DTXSID3032549","Fenhexamid","126833-17-8",3.513,302.2," ","7.4,13.3",35.27,9.38e-12,0.05719,NA,TRUE,NA,NA,NA,NA
"DTXSID4032613","Fenitrothion","122-14-5",3.301,277.2," "," ",10.02,1.36e-05,0.005,NA,TRUE,NA,NA,NA,NA
"DTXSID2032392","Fenoxaprop-ethyl","66441-23-4",4.579,361.8," "," ",0,0.2419,0.005,NA,TRUE,NA,NA,NA,NA
"DTXSID7032393","Fenoxycarb","72490-01-8",4.297,301.3," ","13.9",23.1,0.006933,0.00327,NA,TRUE,NA,NA,NA,NA
"DTXSID8020620","Fenthion","55-38-9",4.09,278.3," "," ",87.2,3.71e-07,0.02203,NA,TRUE,NA,NA,NA,NA
"DTXSID4034609","Fipronil","120068-37-3",3.998,437.1,"0.18"," ",0,0.2779,0.0461,NA,TRUE,NA,NA,NA,NA
"DTXSID0034855","Fluazifop-p-butyl","79241-46-6",4.5,383.4,"0.8"," ",234.4,0.00746,0.005,NA,TRUE,NA,NA,NA,NA
"DTXSID5032498","Triclosan","3380-34-5",4.762,289.5," ","7.68",27.8,0,0.00428,NA,TRUE,NA,NA,NA,NA
"DTXSID2032398","Fludioxonil","131341-86-1",4.116,248.2," ","14.7",37.05,7.44e-15,0.003583,NA,TRUE,NA,NA,NA,NA
"DTXSID2032500","Triflumizole","68694-11-1",1.404,345.8,"5.86,3.03"," ",19.6,0,0.00839,NA,TRUE,NA,NA,NA,NA
"DTXSID7032553","Flumetralin","62924-70-3",5.447,421.7," "," ",0,0.4377,0.005,NA,TRUE,NA,NA,NA,NA
"DTXSID4032615","Flumetsulam","98967-40-9",1.61,325.3," ","8.8",7.521,2.17e-07,0.01727,NA,TRUE,NA,NA,NA,NA
"DTXSID7032555","Flumioxazin","103361-09-7",2.549,354.3,"1.03"," ",8.336,3.49e-12,0.02807,NA,TRUE,NA,NA,NA,NA
"DTXSID8020628","Fluometuron","2164-17-2",2.421,232.2," ","13.2",10.06,0.000777,0.2589,NA,TRUE,NA,NA,NA,NA
"DTXSID2034625","Fluoxastrobin","361377-29-9",4.011,458.8," "," ",16.35,7.98e-10,0.0362,NA,TRUE,NA,NA,NA,NA
"DTXSID2034627","Fluroxypyr","69377-81-7",1.677,255," ","2.41",1.791,0.003573,0.09194,NA,TRUE,NA,NA,NA,NA
"DTXSID5034303","Fluroxypyr-meptyl","81406-37-3",4.529,367.2," "," ",0,0.1225,0.005,NA,TRUE,NA,NA,NA,NA
"DTXSID3024235","Flusilazole","85509-19-9",3.701,315.4,"2.32"," ",6.959,4.95e-08,0.02893,NA,TRUE,NA,NA,NA,NA
"DTXSID8024109","Flutolanil","66332-96-5",3.702,323.3," ","15",14.17,1.79e-06,0.01882,NA,TRUE,NA,NA,NA,NA
"DTXSID7034753","Foramsulfuron","173159-57-4",0.7454,452.4," ","3.47,14.1",0,0.04835,0.0649,NA,TRUE,NA,NA,NA,NA
"DTXSID1034634","Forchlorfenuron","68157-60-8",3.199,247.7,"1.58","11.2",26.87,0.0006096,0.02755,NA,TRUE,NA,NA,NA,NA
"DTXSID4032405","Formetanate hydrochloride","23422-53-9",-0.4626,257.7,"8.89","14.8",13.72,5.73e-10,0.8853,NA,TRUE,NA,NA,NA,NA
"DTXSID0034930","Fosthiazate","98886-44-3",1.681,283.3," "," ",0,0.002057,0.4599,NA,TRUE,NA,NA,NA,NA
"DTXSID9034650","Halosulfuron-methyl","100784-20-1",-0.01661,434.8," ","4.53",0,0.004677,0.009462,NA,TRUE,NA,NA,NA,NA
"DTXSID4034653","Hexaconazole","79983-71-4",3.899,314.2,"2","13.3",16.22,4.17e-14,0.041,NA,TRUE,NA,NA,NA,NA
"DTXSID4024145","Hexazinone","51235-04-2",1.849,252.3," "," ",6.361,4.34e-08,0.613,NA,TRUE,NA,NA,NA,NA
"DTXSID7024299","Hexythiazox","78587-05-0",2.905,352.9," ","14.4",110.4,0.02962,0.005,NA,TRUE,NA,NA,NA,NA
"DTXSID0034227","Icaridin","119515-38-7",2.534,229.3," "," ",12.56,4.71e-07,0.2842,NA,TRUE,NA,NA,NA,NA
"DTXSID8024151","Imazalil","35554-44-0",3.818,297.2,"6.48"," ",0,0.49,0.02956,NA,TRUE,NA,NA,NA,NA
"DTXSID3034664","Imazamox","114311-32-9",0.7307,305.3,"1.51","3.64,10.7",0,0.00701,0.4548,NA,TRUE,NA,NA,NA,NA
"DTXSID5034270","Imazapic","104098-48-8",2.464,275.3,"1.76","3.67",0,0.3311,0.5468,NA,TRUE,NA,NA,NA,NA
"DTXSID8034665","Imazapyr","81334-34-1",0.2237,261.3,"1.65","3.66,10.7",0,0.7478,0.9231,NA,TRUE,NA,NA,NA,NA
"DTXSID3024152","Imazaquin","81335-37-7",1.861,311.3,"1.77","3.67,10.7",2.457,0.003376,0.1513,NA,TRUE,NA,NA,NA,NA
"DTXSID3024287","Imazethapyr","81335-77-5",1.446,289.3,"1.95","3.67,10.7",2.351,0.04274,0.2895,NA,TRUE,NA,NA,NA,NA
"DTXSID5032442","Imidacloprid","138261-41-3",0.5735,255.7," "," ",2.807,0.04207,0.6559,NA,TRUE,NA,NA,NA,NA
"DTXSID1032690","Indoxacarb","173584-44-6",4.647,527.8," "," ",31.36,1.28e-06,0.005,NA,TRUE,NA,NA,NA,NA
"DTXSID2034673","Iodosulfuron-methyl-sodium","144550-36-7",1.881,529.2," ","2.45",5.691,2.54e-06,0.006681,NA,TRUE,NA,NA,NA,NA
"DTXSID3024154","Iprodione","36734-19-7",2.998,330.2," ","10.7,13.9",11.7,0.03092,0.005,NA,TRUE,NA,NA,NA,NA
"DTXSID7034676","Isazofos","42509-80-8",3.819,313.7," "," ",19.53,2.47e-13,0.06539,NA,TRUE,NA,NA,NA,NA
"DTXSID8024159","Isoxaben","82558-50-7",3.94,332.4,"0.24","13.6",17.7,0,0.0718,NA,TRUE,NA,NA,NA,NA
"DTXSID5034723","Isoxaflutole","141112-29-0",2.322,359.3," "," ",20.42,0.002424,0.01655,NA,TRUE,NA,NA,NA,NA
"DTXSID7024160","Lactofen","77501-63-4",4.808,461.8," "," ",0,0.4648,0.005,NA,TRUE,NA,NA,NA,NA
"DTXSID2020686","Lindane","58-89-9",3.719,290.8," "," ",0,0.989,0.0165,0.7079,TRUE,NA,NA,NA,NA
"DTXSID2024163","Linuron","330-55-2",3.198,249.1," ","11.9",33.05,5.27e-05,0.1051,NA,TRUE,NA,NA,NA,NA
"DTXSID9022528","Ethylparaben","120-47-8",2.464,166.2," ","8.5",57.24,1e-04,0.1057,0.9073,TRUE,NA,NA,NA,NA
"DTXSID4024195","Mcpa","94-74-6",3.243,200.6," ","3.36",0,0.04265,0.01797,1.3,TRUE,NA,NA,NA,NA
"DTXSID6034712","Mesosulfuron-methyl","208465-21-8",1.014,503.5," ","3.46,10.7",5.452,0.001499,0.005,NA,TRUE,NA,NA,NA,NA
"DTXSID0020529","""2,4-dinitrotoluene""","121-14-2",1.979,182.1," "," ",0,0.2573,0.09602,NA,TRUE,NA,NA,NA,NA
"DTXSID6024175","Metalaxyl","57837-19-1",1.65,279.3," "," ",0,0.1318,0.7306,NA,TRUE,NA,NA,NA,NA
"DTXSID5020819","Methidathion","950-37-8",2.199,302.3," "," ",3.924,0.0099,0.2685,NA,TRUE,NA,NA,NA,NA
"DTXSID9020827","Methoxychlor","72-43-5",5.08,345.6," "," ",12.5,0,0.0171,NA,TRUE,NA,NA,NA,NA
"DTXSID3032628","Methoxyfenozide","161050-58-4",3.699,368.5," ","9.9",16.2,8.08e-09,0.06119,NA,TRUE,NA,NA,NA,NA
"DTXSID1020855","Methyl parathion","298-00-0",2.862,263.2," "," ",14.19,1.998e-05,0.02832,NA,TRUE,NA,NA,NA,NA
"DTXSID4022448","Metolachlor","51218-45-2",3.131,283.8," "," ",35.37,1.27e-08,0.1773,NA,TRUE,NA,NA,NA,NA
"DTXSID6024204","Metribuzin","21087-64-9",1.7,214.3,"2.46"," ",1.067,0.03703,0.4787,NA,TRUE,NA,NA,NA,NA
"DTXSID6023864","Metsulfuron-methyl","74223-64-6",2.199,381.4," ","3.46",2.319,0.01843,0.08599,NA,TRUE,NA,NA,NA,NA
"DTXSID2032683","Mevinphos","7786-34-7",0.1298,224.1," "," ",4.7,0,0.674,NA,TRUE,NA,NA,NA,NA
"DTXSID9026261","""tris(1,3-dichloro-2-propyl) phosphate (tdcpp)""","13674-87-8",3.65,430.9," "," ",5.092,0.0134,0.01078,NA,TRUE,NA,NA,NA,NA
"DTXSID6024206","Molinate","2212-67-1",3.209,187.3," "," ",0,0.05609,0.09714,NA,TRUE,NA,NA,NA,NA
"DTXSID4040002","Monobutyl phthalate","131-70-4",2.372,222.2," ","3.08",0,0.1657,0.2077,NA,TRUE,NA,NA,NA,NA
"DTXSID8024315","Myclobutanil","88671-89-0",2.94,288.8,"2.27"," ",16.4,9.69e-07,0.08429,NA,TRUE,NA,NA,NA,NA
"DTXSID5024211","Napropamide","15299-99-7",3.358,271.4," "," ",15.15,0.003516,0.005,NA,TRUE,NA,NA,NA,NA
"DTXSID7040362","Niclosamide","50-65-7",3.748,327.1," ","6.89,14.6",12,1.1e-06,0.005,NA,TRUE,NA,NA,NA,NA
"DTXSID8024234","Norflurazon","27314-13-2",2.378,303.7,"3.55","13.3",11.09,2.24e-05,0.1841,NA,TRUE,NA,NA,NA,NA
"DTXSID8024238","Oryzalin","19044-88-3",3.725,346.4," ","9.55",20.2,2.85e-11,0.004802,NA,TRUE,NA,NA,NA,NA
"DTXSID3024239","Oxadiazon","19666-30-9",4.798,345.2," "," ",0,0.9849,0.00364,NA,TRUE,NA,NA,NA,NA
"DTXSID6021086","Oxamyl","23135-22-0",-0.4706,219.3," ","13.9",0,0.3308,0.7926,NA,TRUE,NA,NA,NA,NA
"DTXSID4034364","Oxasulfuron","144651-06-9",1.101,406.4,"2.33","3.5",3.107,0.005309,0.06084,NA,TRUE,NA,NA,NA,NA
"DTXSID7024241","Oxyfluorfen","42874-03-3",4.73,361.7," "," ",0,0.6246,0.1218,NA,TRUE,NA,NA,NA,NA
"DTXSID4023412","Oxytetracycline dihydrate","6153-64-6",-3.97,496.5,"4.89","7.55,8.59,11.6,13.5,14.4",0,0.5952,0.3982,NA,TRUE,NA,NA,NA,NA
"DTXSID2024242","Paclobutrazol","76738-62-0",3.202,293.8,"1.97","14",7.14,0.04108,0.1538,NA,TRUE,NA,NA,NA,NA
"DTXSID7021100","Parathion","56-38-2",3.83,291.3," "," ",6.65,0.007547,0.04,0.7535,TRUE,NA,NA,NA,NA
"DTXSID7024245","Pendimethalin","40487-42-1",5.198,281.3,"0.13","10.5",7.214,0.01415,0.005,NA,TRUE,NA,NA,NA,NA
"DTXSID0034803","Penoxsulam","219714-96-2",2.482,483.4," ","6.55",0,0.1824,0.01009,NA,TRUE,NA,NA,NA,NA
"DTXSID8022292","Permethrin","52645-53-1",6.499,391.3," "," ",68.4,0.00878,1.89e-08,NA,TRUE,NA,NA,NA,NA
"DTXSID9021976","Phenoxyethanol","122-99-6",1.161,138.2," "," ",0,0.2193,0.2957,NA,TRUE,NA,NA,NA,NA
"DTXSID1024259","Phosalone","2310-17-0",4.38,367.8," "," ",25.1,0,0.00608,NA,TRUE,NA,NA,NA,NA
"DTXSID1021160","Picloram","1918-02-1",1.899,241.4," ","3.9",0,0.9973,0.23,NA,TRUE,NA,NA,NA,NA
"DTXSID1021166","Piperonyl butoxide","51-03-6",4.745,338.4," "," ",76.01,1.46e-07,0.005,NA,TRUE,NA,NA,NA,NA
"DTXSID1032569","Pirimicarb","23103-98-2",1.698,238.3,"4.99"," ",22.53,9.14e-13,0.1633,NA,TRUE,NA,NA,NA,NA
"DTXSID0024266","Pirimiphos-methyl","29232-93-7",4.197,305.3,"5.09"," ",49.7,0,0.0134,NA,TRUE,NA,NA,NA,NA
"DTXSID4024270","Prochloraz","67747-09-5",4.098,376.7,"2.55"," ",16.4,2.53e-09,0.02237,NA,TRUE,NA,NA,NA,NA
"DTXSID1034210","Prodiamine","29091-21-2",4.102,350.3," ","11.8",7.216,0.000124,0.005,NA,TRUE,NA,NA,NA,NA
"DTXSID6022341","Prometon","1610-18-0",2.991,225.3,"4.97","14.3",8.17,0,0.0289,NA,TRUE,NA,NA,NA,NA
"DTXSID4024272","Prometryn","7287-19-6",3.511,241.4,"5.71","14.5",35.78,4.92e-10,0.005,NA,TRUE,NA,NA,NA,NA
"DTXSID6034849","Propamocarb hydrochloride","25606-41-1",0.02809,224.7,"9.3"," ",5.815,1.43e-05,0.8435,NA,TRUE,NA,NA,NA,NA
"DTXSID8022111","Propanil","709-98-8",3.071,218.1," ","13.9",11.3,0.03446,0.0713,NA,TRUE,NA,NA,NA,NA
"DTXSID3021196","Propazine","139-40-2",2.931,229.7,"3.17","14.3",14.6,1.9e-11,0.03651,NA,TRUE,NA,NA,NA,NA
"DTXSID7032470","Propetamphos","31218-83-4",3.816,281.3," ","10",16.24,0.001834,0.009787,NA,TRUE,NA,NA,NA,NA
"DTXSID7021948","Propoxur","114-26-1",1.524,209.2," ","14.8",6.899,1.73e-05,0.2159,NA,TRUE,NA,NA,NA,NA
"DTXSID2020420","Propyzamide","23950-58-5",3.429,256.1," ","14.2",5.4,0.000991,0.06756,NA,TRUE,NA,NA,NA,NA
"DTXSID9034868","Prosulfuron","94125-34-5",1.891,419.4," ","3.51",10.37,1.78e-07,0.005,NA,TRUE,NA,NA,NA,NA
"DTXSID2032637","Pymetrozine","123312-89-0",-0.1774,217.2,"4.37,0.05"," ",8.611,4.12e-06,0.9946,NA,TRUE,NA,NA,NA,NA
"DTXSID7032638","Pyraclostrobin","175013-18-0",3.99,387.8,"0.4"," ",53.93,5.062e-07,0.001584,NA,TRUE,NA,NA,NA,NA
"DTXSID5032573","Pyridaben","96489-71-3",6.367,364.9," "," ",63.93,0.000527,0.005,NA,TRUE,NA,NA,NA,NA
"DTXSID8034877","Pyrimethanil","53112-28-0",2.841,199.3,"3.44","13.7",43.89,4.97e-11,0.01673,NA,TRUE,NA,NA,NA,NA
"DTXSID1032640","Pyriproxyfen","95737-68-1",4.199,321.4,"2.86"," ",16.86,7.8e-08,0.000907,NA,TRUE,NA,NA,NA,NA
"DTXSID8032673","Pyrithiobac-sodium","123343-16-8",0.6002,348.7," ","2.21",0,0.9928,0.0334,NA,TRUE,NA,NA,NA,NA
"DTXSID6032641","Quinclorac","84087-01-4",2.772,242.1,"0.17","3.57",0,0.3024,0.02799,NA,TRUE,NA,NA,NA,NA
"DTXSID2034881","Quinoxyfen","124495-18-7",4.66,308.1,"3.93"," ",0,0.486,0.005,NA,TRUE,NA,NA,NA,NA
"DTXSID7022253","Resmethrin","10453-86-8",6.14,338.4," "," ",0,0.09958,0.005,NA,TRUE,NA,NA,NA,NA
"DTXSID1032642","Rimsulfuron","122931-48-0",0.2909,431.4," ","4.95",0,0.06066,0.6278,NA,TRUE,NA,NA,NA,NA
"DTXSID6021248","Rotenone","83-79-4",4.098,394.4," ","14",28.31,NA,0.003404,NA,TRUE,NA,NA,NA,NA
"DTXSID2039336","s-bioallethrin","28434-00-6",4.78,302.4," "," ",45.9,0,2.31e-08,NA,TRUE,NA,NA,NA,NA
"DTXSID9024304","Sethoxydim","74051-80-2",4.38,327.5,"2.71"," ",11.87,1.6e-09,0.05472,NA,TRUE,NA,NA,NA,NA
"DTXSID4021268","Simazine","122-34-9",2.18,201.7,"3.23"," ",6.326,0.000474,0.2845,NA,TRUE,NA,NA,NA,NA
"DTXSID1034212","Spiroxamine","118134-30-8",4.616,297.5,"9.34"," ",3.353,0.0108,0.005446,NA,TRUE,NA,NA,NA,NA
"DTXSID6032645","Sulfentrazone","122836-35-5",0.9936,387.2," ","9.02",5.715,0.000635,0.9933,NA,TRUE,NA,NA,NA,NA
"DTXSID4034948","Tebufenozide","112410-23-8",4.247,352.5," ","10.1",22.4,7.62e-11,0.03378,NA,TRUE,NA,NA,NA,NA
"DTXSID0034223","Tebufenpyrad","119168-77-3",4.61,333.9,"1.32","13.2",15.94,6.92e-06,0.005,NA,TRUE,NA,NA,NA,NA
"DTXSID1032482","Tebupirimfos","96182-53-5",3.543,318.4,"0.56"," ",22.64,1.27e-11,0.005,NA,TRUE,NA,NA,NA,NA
"DTXSID3024316","Tebuthiuron","34014-18-1",1.788,228.3," "," ",5.282,0.000481,0.4172,NA,TRUE,NA,NA,NA,NA
"DTXSID5032577","Tefluthrin","79538-32-2",2.396,418.7," "," ",24.81,3.04e-06,0.005,NA,TRUE,NA,NA,NA,NA
"DTXSID7034252","Tepraloxydim","149979-41-9",3.688,341.8,"2.23"," ",3.349,0.002848,0.3834,NA,TRUE,NA,NA,NA,NA
"DTXSID8024317","Terbacil","5902-51-2",1.89,216.7," ","12",2.272,0.003718,0.1029,NA,TRUE,NA,NA,NA,NA
"DTXSID6032649","Tetramethrin","7696-12-0",4.727,331.4," "," ",37.6,8.59e-05,0.005,NA,TRUE,NA,NA,NA,NA
"DTXSID0021337","Thiabendazole","148-79-8",2.468,201.2,"4.08","10.3",0,0.002211,0.1382,NA,TRUE,NA,NA,NA,NA
"DTXSID7034961","Thiacloprid","111988-49-9",0.9225,252.7,"1.62"," ",2.574,0.003722,0.2857,NA,TRUE,NA,NA,NA,NA
"DTXSID2034962","Thiamethoxam","153719-23-4",-0.1191,291.7,"0.4"," ",0,0.5767,0.8286,NA,TRUE,NA,NA,NA,NA
"DTXSID1032488","Thiazopyr","117718-60-2",3.889,396.4,"3.05"," ",41.5,3.422e-05,0.01139,NA,TRUE,NA,NA,NA,NA
"DTXSID0032651","Thidiazuron","51707-55-2",1.769,220.2," ","8.93",0,0.1546,0.02837,NA,TRUE,NA,NA,NA,NA
"DTXSID6024337","Thiobencarb","28249-77-6",3.4,257.8," "," ",233,0,1.88e-08,NA,TRUE,NA,NA,NA,NA
"DTXSID1024338","Thiophanate-methyl","23564-05-8",1.4,342.4," ","7.51,8.23,13.7,14.3",2.469,0.02676,0.427,NA,TRUE,NA,NA,NA,NA
"DTXSID3023897","Triadimefon","43121-43-3",2.771,293.8,"1.93"," ",14.59,0.0347,0.1142,NA,TRUE,NA,NA,NA,NA
"DTXSID0032493","Triadimenol","55219-65-3",2.901,295.8,"1.97","13.2",0,1.52e-05,0.1258,NA,TRUE,NA,NA,NA,NA
"DTXSID0024345","Triasulfuron","82097-50-5",1.102,401.8," ","3.43",14.58,1.22e-06,0.02305,NA,TRUE,NA,NA,NA,NA
"DTXSID1024174","Tribufos","78-48-8",5.7,314.5," "," ",125.1,0.001043,0.06651,NA,TRUE,NA,NA,NA,NA
"DTXSID0032497","Triclopyr","55335-06-3",2.516,256.5," ","2.28",0,0.706,0.02237,NA,TRUE,NA,NA,NA,NA
"DTXSID5023742","Warfarin","81-81-2",2.7,308.3," ","12.7",0,0.9984,0.01327,0.55,TRUE,NA,NA,NA,NA
"DTXSID8040222","Trifloxysulfuron-sodium","199119-58-9",0.8201,459.3," ","4.95",0,0.9504,0.00376,NA,TRUE,NA,NA,NA,NA
"DTXSID7041097","Pk 11195","85532-75-8",4.793,352.9," "," ",42.12,1e-04,0.01614,NA,TRUE,NA,NA,NA,NA
"DTXSID2032502","Triflusulfuron-methyl","126535-15-7",3.557,492.4," ","3.46",14.47,2.88e-11,0.3292,NA,TRUE,NA,NA,NA,NA
"DTXSID0032655","Triticonazole","131983-72-7",3.293,317.8,"2","13.3",6.118,3.38e-05,0.1373,NA,TRUE,NA,NA,NA,NA
"DTXSID4022361","Vinclozolin","50471-44-8",3.102,286.1," "," ",18.34,0.00011,0.5936,NA,TRUE,NA,NA,NA,NA
"DTXSID9032581","Zoxamide","156052-68-5",3.759,336.6," ","14.6",0,0.2991,0.01031,NA,TRUE,NA,NA,NA,NA
"DTXSID7025895","""n-phenyl-1,4-benzenediamine""","101-54-2",2.657,184.2,"5.4,0.51"," ",15.59,1e-04,0.1434,NA,TRUE,NA,NA,NA,NA
"DTXSID5020869","""4,4'-methylenebis(n,n-dimethylaniline)""","101-61-1",3.803,254.4,"5.44,4.83"," ",18.85,1e-04,0.001109,NA,TRUE,NA,NA,NA,NA
"DTXSID0021094","""4,4'-oxydianiline""","101-80-4",1.364,200.2,"4.64,3.76"," ",0,0.0096,0.3284,NA,TRUE,NA,NA,NA,NA
"DTXSID4026684","2-benzylideneoctanal","101-86-0",4.339,216.3," "," ",14.36,1e-04,0.009805,NA,TRUE,NA,NA,NA,NA
"DTXSID3025178","""1,3-diphenylguanidine""","102-06-7",2.959,211.3,"9.38"," ",0,0.0144,0.7844,NA,TRUE,NA,NA,NA,NA
"DTXSID4021848","N-ethyl-3-methylaniline","102-27-2",2.42,135.2,"5.02"," ",13.12,1e-04,0.1414,NA,TRUE,NA,NA,NA,NA
"DTXSID1024126","""heptachlor epoxide, isomer b""","1024-57-3",5.191,389.3," "," ",0,0.9983,0.01068,NA,TRUE,NA,NA,NA,NA
"DTXSID0020606","Di(2-ethylhexyl)adipate","103-23-1",6.851,370.6," "," ",13.56,1e-04,0.03861,NA,TRUE,NA,NA,NA,NA
"DTXSID3026697","Azelaic acid di(2-ethylhexyl) ester","103-24-2",8.993,412.7," "," ",3.152,0.002,0.03126,NA,TRUE,NA,NA,NA,NA
"DTXSID2020006","Acetaminophen","103-90-2",0.4621,151.2," ","9.46",0.3598,NA,0.9398,1,TRUE,NA,NA,NA,NA
"DTXSID4034287","5-heptyldihydro-2(3h)-furanone","104-67-6",3.445,184.3," "," ",9.47,0.00206,0.069,NA,TRUE,NA,NA,NA,NA
"DTXSID1034187","Tamoxifen","10540-29-1",6.235,371.5,"8.76"," ",0,0.9928,0.00165,NA,TRUE,NA,NA,NA,NA
"DTXSID2021866","Dibutyl hexanedioate","105-99-7",3.927,258.4," "," ",14.03,0.0238,0.5872,NA,TRUE,NA,NA,NA,NA
"DTXSID4024729","Methyl 1h-benzimidazol-2-ylcarbamate","10605-21-7",1.519,191.2,"4.28","9.7,14",24,0.0049,0.4872,0.9166,TRUE,NA,NA,NA,NA
"DTXSID7021869","4-methylphenol","106-44-5",1.94,108.1," ","10.4",39.66,1e-04,0.3259,NA,TRUE,NA,NA,NA,NA
"DTXSID5025152","Dimethyl succinate","106-65-0",0.3505,146.1," "," ",364.4,1e-04,0.9999,NA,TRUE,NA,NA,NA,NA
"DTXSID9032113","Tebuconazole","107534-96-3",3.7,307.8,"2.01","13.8",5.278,0.001,0.06601,NA,TRUE,NA,NA,NA,NA
"DTXSID2021238","Resorcinol","108-46-3",0.8006,110.1," ","9.26,10.7",14.48,1e-04,0.7448,NA,TRUE,NA,NA,NA,NA
"DTXSID5021124","Phenol","108-95-2",1.462,94.11," ","10",5.496,0.0022,0.6201,NA,TRUE,NA,NA,NA,NA
"DTXSID4042121","Mepanipyrim","110235-47-7",3.279,223.3,"2.22","13.4",0,0.0513,0.03419,NA,TRUE,NA,NA,NA,NA
"DTXSID8025595","""n,n'-methylenebis(acrylamide)""","110-26-9",-0.6668,154.2," "," ",0,0.0697,1,NA,TRUE,NA,NA,NA,NA
"DTXSID3026223","Triethylene glycol diacetate","111-21-7",0.5404,234.2," "," ",206,0,0.895,NA,TRUE,NA,NA,NA,NA
"DTXSID3025122","Dimethyl glutarate","1119-40-0",0.6217,160.2," "," ",46.3,1e-04,0.6989,NA,TRUE,NA,NA,NA,NA
"DTXSID3024368","2-[2-(2-ethoxyethoxy)ethoxy]ethanol","112-50-5",0.03197,178.2," "," ",0,0.5349,1,NA,TRUE,NA,NA,NA,NA
"DTXSID4022991","Erythromycin","114-07-8",3.06,733.9,"8.38","12.4,12.9,13.4,14,14.6",0,0.0683,0.5653,NA,TRUE,NA,NA,NA,NA
"DTXSID1021952","Triphenyl phosphate","115-86-6",4.589,326.3," "," ",26.44,0.001,0.002852,NA,TRUE,NA,NA,NA,NA
"DTXSID1021956","Di-n-octyl phthalate","117-84-0",8.097,390.6," "," ",0,0.8568,0.0233,NA,TRUE,NA,NA,NA,NA
"DTXSID0021961","Benzophenone","119-61-9",3.181,182.2," "," ",9.134,1e-04,0.06543,NA,TRUE,NA,NA,NA,NA
"DTXSID3025091","3,3'-dimethoxybenzidine","119-90-4",1.813,244.3,"4.55,3.57"," ",0,0.0971,0.3343,NA,TRUE,NA,NA,NA,NA
"DTXSID5024059","O-tolidine","119-93-7",2.34,212.3,"4.58,3.55"," ",0,0.6631,0.1427,NA,TRUE,NA,NA,NA,NA
"DTXSID5020108","Aspirin","50-78-2",1.193,180.2," ","3.41",0,0.09244,0.532,0.8138,TRUE,NA,NA,NA,NA
"DTXSID1020350","P-cresidine","120-71-8",1.737,137.2,"4.63"," ",19.53,1e-04,0.4043,NA,TRUE,NA,NA,NA,NA
"DTXSID7040788","2-tert-butyl-4-methoxy-phenol","121-00-6",3.202,180.2," ","10.6",7.06,0.0019,0.07217,NA,TRUE,NA,NA,NA,NA
"DTXSID6021117","Antipyrine","60-80-0",0.3107,188.2,"0.49"," ",0.5062,NA,0.97,0.5602,TRUE,NA,NA,NA,NA
"DTXSID6047286","Candoxatril","123122-55-4",3.856,515.6,"0.48","4.29",9.898,1e-04,0.2659,NA,TRUE,NA,NA,NA,NA
"DTXSID1040742","Triamcinolone","124-94-7",1.16,394.4," ","11.8,13.4,14,14.7",2.492,1e-04,0.7348,NA,TRUE,NA,NA,NA,NA
"DTXSID5021336","Theophylline","58-55-9",-0.02058,180.2," ","7.82",0.7788,NA,0.61,1.33,TRUE,NA,NA,NA,NA
"DTXSID9047257","Zamifenacin","127308-82-1",5.742,415.5,"8.54"," ",17.11,1e-04,0.002114,NA,TRUE,NA,NA,NA,NA
"DTXSID6027052","""2,6-di-tert-butylphenol""","128-39-2",4.92,206.3," ","11.3",0,0.152,0.01953,NA,TRUE,NA,NA,NA,NA
"DTXSID3024289","Pyrene","129-00-0",4.883,202.3," "," ",6.18,1e-04,0.02415,0.7535,TRUE,NA,NA,NA,NA
"DTXSID7020392","Diallyl phthalate","131-17-9",3.229,246.3," "," ",0,0.0879,0.9621,NA,TRUE,NA,NA,NA,NA
"DTXSID6021244","Rifampicin","13292-46-1",3.085,823,"7.37,1.48","6.8,8.21,9.87,13.9,14.4",0,NA,0.04344,NA,TRUE,NA,NA,NA,NA
"DTXSID7032004","Flutamide","13311-84-7",3.35,276.2," ","12.8",30.38,1e-04,0.03758,0.8742,TRUE,NA,NA,NA,NA
"DTXSID5020576","Ethinylestradiol","57-63-6",3.669,296.4," ","10.3",0,0.9299,0.014,NA,TRUE,NA,NA,NA,NA
"DTXSID6047363","Volinanserin","139290-65-6",3.106,373.5,"8.75","14",5.464,1e-04,0.5097,NA,TRUE,NA,NA,NA,NA
"DTXSID9022360","""4-(1,1,3,3-tetramethylbutyl)phenol""","140-66-9",4.867,206.3," ","10.2",26.98,1e-04,0.01902,NA,TRUE,NA,NA,NA,NA
"DTXSID5024051","Diisopropyl methylphosphonate (dimp)","1445-75-6",1.034,180.2," "," ",0,5e-04,0.9727,NA,TRUE,NA,NA,NA,NA
"DTXSID9047251","""(2s,3s)-n-[2-methoxy-5-(trifluoromethoxy)benzyl]-2-phenylpiperidin-3-amine""","145742-28-5",4.031,380.4,"8.75,5.75"," ",0,0.0915,0.07996,NA,TRUE,NA,NA,NA,NA
"DTXSID4020537","Diphenhydramine hydrochloride","147-24-0",0.3888,291.8,"8.87"," ",0,0.1683,0.4131,NA,TRUE,NA,NA,NA,NA
"DTXSID5020730","8-hydroxyquinoline","148-24-3",2.019,145.2,"4.83","9.36",69.68,1e-04,0.1184,NA,TRUE,NA,NA,NA,NA
"DTXSID0020311","Monuron","150-68-5",1.941,198.6," ","13.4",3.086,0.0271,0.4551,NA,TRUE,NA,NA,NA,NA
"DTXSID7041623","Benodanil","15310-01-7",2.855,323.1," "," ",21.4,1e-04,0.07513,NA,TRUE,NA,NA,NA,NA
"DTXSID9020249","Carbofuran","1563-66-2",1.974,221.3," ","14.8",0,0.0063,0.4213,NA,TRUE,NA,NA,NA,NA
"DTXSID9022312","4-octylphenol","1806-26-4",5.187,206.3," ","10.3",15.65,2e-04,0.005,NA,TRUE,NA,NA,NA,NA
"DTXSID9027441","2-hydroxy-4-(octyloxy)benzophenone","1843-05-6",6.395,326.4," ","7.07",807,0.01182,1.37e-08,NA,TRUE,NA,NA,NA,NA
"DTXSID0024000","Chlorthal-dimethyl","1861-32-1",4.278,332," "," ",38.62,4e-04,0.01666,NA,TRUE,NA,NA,NA,NA
"DTXSID7024376","Vernolate","1929-77-7",3.839,203.3," "," ",25.1,3e-04,0.01906,NA,TRUE,NA,NA,NA,NA
"DTXSID5021097","Oxytetracycline hydrochloride","2058-46-0",-1.034,496.9,"4.89","7.55,8.59,11.6,13.5,14.4",0,0.5447,0.6283,NA,TRUE,NA,NA,NA,NA
"DTXSID0023907","Benzo[b]fluoranthene","205-99-2",5.779,252.3," "," ",5.564,1e-04,0.01059,NA,TRUE,NA,NA,NA,NA
"DTXSID3024104","Fluoranthene","206-44-0",5.16,202.3," "," ",8.064,1e-04,0.01409,NA,TRUE,NA,NA,NA,NA
"DTXSID7022174","O-ethyl o-(p-nitrophenyl) phenylphosphonothioate","2104-64-5",4.776,323.3," "," ",8.16,1e-04,0.01016,NA,TRUE,NA,NA,NA,NA
"DTXSID3020916","""1,5-diaminonaphthalene""","2243-62-1",0.8928,158.2,"4.41,3.2"," ",0,0.0163,0.6333,NA,TRUE,NA,NA,NA,NA
"DTXSID3041376","Tridemorph","24602-86-6",5.595,297.5,"8.36"," ",12.91,1e-04,0.002679,NA,TRUE,NA,NA,NA,NA
"DTXSID9043938","Benzyl hydrogen phthalate","2528-16-7",2.93,256.3," ","3.08",0,0.0506,0.0352,NA,TRUE,NA,NA,NA,NA
"DTXSID5032523","""1,2-benzisothiazolin-3-one""","2634-33-5",0.8033,151.2," ","9.5",34.74,1e-04,0.005,NA,TRUE,NA,NA,NA,NA
"DTXSID4020458","Chlorpyrifos","2921-88-2",4.959,350.6," "," ",2.6,NA,0.007932,0.7333,TRUE,NA,NA,NA,NA
"DTXSID4032459","Phorate","298-02-2",3.693,260.4," "," ",0,0.2218,0.0129,NA,TRUE,NA,NA,NA,NA
"DTXSID4022731","Carbamazepine","298-46-4",2.449,236.3," "," ",2.375,NA,0.5141,1.06,TRUE,NA,NA,NA,NA
"DTXSID8020127","Azidothymidine","30516-87-1",0.04963,267.2," ","7.36,14.6",2.414,NA,0.914,0.98,TRUE,NA,NA,NA,NA
"DTXSID9027522","Octrizole","3147-75-9",4.018,323.4," ","9.3",5.87,0.00188,0.0223,NA,TRUE,NA,NA,NA,NA
"DTXSID5041691","Butam","35256-85-0",3.001,233.4," "," ",9.846,1e-04,0.2267,NA,TRUE,NA,NA,NA,NA
"DTXSID1038321","3-phenoxybenzoic acid","3739-38-6",3.906,214.2," ","3.82",0,0.9981,0.00716,NA,TRUE,NA,NA,NA,NA
"DTXSID8022828","2-chloro-2'-deoxyadenosine","4291-63-8",0.01732,285.7,"1.33","13.9,14.8",0,0.5643,0.9848,NA,TRUE,NA,NA,NA,NA
"DTXSID5022308","Genistein","446-72-0",2.962,270.2," ","6.55,8.09,9.03",18.69,1e-04,0.02426,0.6718,TRUE,NA,NA,NA,NA
"DTXSID9047592","9-phenanthrol","484-17-3",3.911,194.2," ","9.37",20.98,1e-04,0.005435,NA,TRUE,NA,NA,NA,NA
"DTXSID4020375","""p,p'-ddt""","50-29-3",6.91,354.5," "," ",12.5,0,3.6e-08,NA,TRUE,NA,NA,NA,NA
"DTXSID7021237","Reserpine","50-55-5",2.57,608.7,"7.02"," ",0,0.0833,0.005994,NA,TRUE,NA,NA,NA,NA
"DTXSID4020290","Pirinixic acid","50892-23-4",2.067,323.8,"2.16","3.28",7.51,1e-04,0.005454,NA,TRUE,NA,NA,NA,NA
"DTXSID0020523","""2,4-dinitrophenol""","51-28-5",1.672,184.1," ","4.35",0,0.7539,0.02723,NA,TRUE,NA,NA,NA,NA
"DTXSID5021209","6-propyl-2-thiouracil","51-52-5",-0.3859,170.2," ","8.75,13.8",1.323,0.0344,0.4736,NA,TRUE,NA,NA,NA,NA
"DTXSID1047285","""n-[(3r)-1-azabicyclo[2.2.2]oct-3-yl]-2,3-dihydro-1,4-benzodioxine-6-carboxamide""","527680-56-4",1.835,288.3,"7.85","14.8",3.688,0.0333,1,NA,TRUE,NA,NA,NA,NA
"DTXSID4024066","""1,2-dinitrobenzene""","528-29-0",1.69,168.1," "," ",24.2,1e-04,0.06949,NA,TRUE,NA,NA,NA,NA
"DTXSID4034150","Haloperidol","52-86-8",4.288,375.9,"8.05","14",5.062,NA,0.1784,NA,TRUE,NA,NA,NA,NA
"DTXSID4021185","Prednisone","53-03-2",1.466,358.4," ","12.6,13.9",9.09,1e-04,0.4818,0.83,TRUE,NA,NA,NA,NA
"DTXSID1022053","""2-methyl-4,6-dinitrophenol""","534-52-1",2.131,198.1," ","4.8",0,0.1079,0.002637,NA,TRUE,NA,NA,NA,NA
"DTXSID5020653","Hexamethyl-p-rosaniline chloride","548-62-9",0.9598,408,"4.83,4.21"," ",8.322,5e-04,0.01384,NA,TRUE,NA,NA,NA,NA
"DTXSID5023950","Carbosulfan","55285-14-8",4.829,380.6,"2.38"," ",26.74,3e-04,0.005,NA,TRUE,NA,NA,NA,NA
"DTXSID2024086","Ethion","563-12-2",5.066,384.5," "," ",10.41,5e-04,2.03e-08,NA,TRUE,NA,NA,NA,NA
"DTXSID3020465","Diethylstilbestrol (des)","56-53-1",5.067,268.4," ","9.13,9.73",39.5,0,0.00935,NA,TRUE,NA,NA,NA,NA
"DTXSID5023902","Benz[a]anthracene","56-55-3",5.602,228.3," "," ",18.27,1e-04,0.01121,0.6718,TRUE,NA,NA,NA,NA
"DTXSID8020541","Phenytoin","57-41-0",2.364,252.3," ","8.49",0.8178,NA,0.1624,0.8874,TRUE,NA,NA,NA,NA
"DTXSID9024063","""2,6-dimethylphenol""","576-26-1",2.36,122.2," ","10.7",20.52,1e-04,0.2086,NA,TRUE,NA,NA,NA,NA
"DTXSID3022370","Progesterone","57-83-0",3.871,314.5," "," ",33.7,1e-04,0.02311,NA,TRUE,NA,NA,NA,NA
"DTXSID6027218","""2,6-diethylaniline""","579-66-8",2.741,149.2,"4.15"," ",16.13,1e-04,0.08962,NA,TRUE,NA,NA,NA,NA
"DTXSID2021781","Dibutylphthalate","84-74-2",4.609,278.3," "," ",42.5,NA,0.028,NA,TRUE,NA,NA,NA,NA
"DTXSID0020232","Caffeine","58-08-2",-0.07099,194.2," "," ",0.2855,NA,1,1.08,TRUE,NA,NA,NA,NA
"DTXSID9021217","Pyrimethamine","58-14-0",2.69,248.7,"7.77,0.1"," ",2.768,0.028,0.1177,NA,TRUE,NA,NA,NA,NA
"DTXSID8024107","Fluridone ","59756-60-4",3.046,329.3," "," ",5.594,1e-04,0.1378,NA,TRUE,NA,NA,NA,NA
"DTXSID0021256","Sulfasalazine","599-79-1",2.425,398.4," ","3.23,6.75,11.8",5.16,0.0226,0.004,NA,TRUE,NA,NA,NA,NA
"DTXSID6024460","4-aminoazobenzene","60-09-3",3.409,197.2,"3.06,0.35"," ",15.7,1e-04,0.0171,NA,TRUE,NA,NA,NA,NA
"DTXSID9020453","Dieldrin","60-57-1",5.118,380.9," "," ",0,0.0541,0.009376,NA,TRUE,NA,NA,NA,NA
"DTXSID5020528","""2,6-dinitrotoluene""","606-20-2",2.098,182.1," "," ",34.64,1e-04,0.131,NA,TRUE,NA,NA,NA,NA
"DTXSID8024523","Androstenedione","63-05-8",2.752,286.4," "," ",25.92,1e-04,0.1744,NA,TRUE,NA,NA,NA,NA
"DTXSID9047540","3-hydroxyfluorene","6344-67-8",3.189,182.2," ","9.98",20.56,1e-04,0.02488,NA,TRUE,NA,NA,NA,NA
"DTXSID9032537","Didecyl dimethyl ammonium chloride","7173-51-5",2.683,362.1," "," ",0,0.0573,0.005,NA,TRUE,NA,NA,NA,NA
"DTXSID6020561","Endrin","72-20-8",5.118,380.9," "," ",0,0.3739,0.006423,NA,TRUE,NA,NA,NA,NA
"DTXSID4020373","""p,p'-ddd""","72-54-8",6.129,320," "," ",0,0.0134,0.03115,NA,TRUE,NA,NA,NA,NA
"DTXSID5024261","Phosmet","732-11-6",2.781,317.3," "," ",23.82,1e-04,0.0477,NA,TRUE,NA,NA,NA,NA
"DTXSID5020784","Lovastatin","75330-75-5",4.258,404.5," ","14.9",21.9,1e-04,0.01429,NA,TRUE,NA,NA,NA,NA
"DTXSID0021125","Phenolphthalein","77-09-8",2.89,318.3," ","9.16,9.76",47.4,1e-04,0.03116,NA,TRUE,NA,NA,NA,NA
"DTXSID4022442","Bisphenol b","77-40-7",3.765,242.3," ","9.77,10.4",35.66,1e-04,0.01823,NA,TRUE,NA,NA,NA,NA
"DTXSID6022345","""o,p'-ddt""","789-02-6",6.923,354.5," "," ",15.3,0,1.59e-08,NA,TRUE,NA,NA,NA,NA
"DTXSID0023581","Simvastatin","79902-63-9",4.677,418.6," ","14.9",24.3,1e-04,0.00398,NA,TRUE,NA,NA,NA,NA
"DTXSID8021771","4-(2-methylbutan-2-yl)phenol","80-46-6",3.491,164.2," ","10.2",20.96,1e-04,0.005,NA,TRUE,NA,NA,NA,NA
"DTXSID6032354","Clodinafop-propargyl","105512-06-9",3.899,349.7," "," ",1010,0,0.0148,NA,TRUE,NA,NA,NA,NA
"DTXSID5020867","""4,4'-methylene bis(2-methylaniline)""","838-88-0",2.182,226.3,"4.68,3.81"," ",3.984,0.0016,0.2257,NA,TRUE,NA,NA,NA,NA
"DTXSID9023380","Norethindrone","68-22-4",2.97,298.4," "," ",0,0.5147,0.0516,NA,TRUE,NA,NA,NA,NA
"DTXSID6021030","N-nitrosodiphenylamine","86-30-6",3.13,198.2," "," ",8.288,1e-04,0.04368,NA,TRUE,NA,NA,NA,NA
"DTXSID3020627","Fluconazole ","86386-73-4",0.5014,306.3,"2.3,1.7","12.7",1.832,0.0075,0.7109,1.06,TRUE,NA,NA,NA,NA
"DTXSID8026307","""2,6-dimethylaniline""","87-62-7",1.839,121.2,"4.31"," ",8.96,2e-04,0.4311,NA,TRUE,NA,NA,NA,NA
"DTXSID7021106","Pentachlorophenol","87-86-5",5.119,266.3," ","4.98",8.764,1e-04,0.05441,0.6882,TRUE,NA,NA,NA,NA
"DTXSID5021386","""2,4,6-trichlorophenol""","88-06-2",3.691,197.4," ","5.99",18.76,1e-04,0.01512,NA,TRUE,NA,NA,NA,NA
"DTXSID3020207","Dinoseb","88-85-7",3.559,240.2," ","4.93",0,0.2782,0.00043,NA,TRUE,NA,NA,NA,NA
"DTXSID5023877","2-anisidine","90-04-0",1.18,123.2,"4.42"," ",0,0.4772,0.4532,NA,TRUE,NA,NA,NA,NA
"DTXSID1021798","Quinoline","91-22-5",2.031,129.2,"4.5"," ",38.6,1e-04,0.2036,NA,TRUE,NA,NA,NA,NA
"DTXSID9020582","Ethoxyquin","91-53-2",3.106,217.3,"5.15"," ",15.16,1e-04,0.01069,NA,TRUE,NA,NA,NA,NA
"DTXSID2020921","2-naphthylamine","91-59-8",2.281,143.2,"4.25"," ",18.5,1e-04,0.1099,NA,TRUE,NA,NA,NA,NA
"DTXSID7020348","Coumarin","91-64-5",1.391,146.1," "," ",0,0.1073,0.1922,NA,TRUE,NA,NA,NA,NA
"DTXSID2020137","Benzidine","92-87-5",1.34,184.2,"4.73,3.65"," ",6.91,1e-04,0.1977,NA,TRUE,NA,NA,NA,NA
"DTXSID4022527","Propylparaben","94-13-3",3.036,180.2," ","8.5",38,1e-04,0.07639,NA,TRUE,NA,NA,NA,NA
"DTXSID3020209","Butylparaben","94-26-8",3.565,194.2," ","8.5",39.3,1e-04,0.0191,NA,TRUE,NA,NA,NA,NA
"DTXSID3026564","Tri(ethylene glycol) bis(2-ethylhexanoate)","94-28-0",3.6,402.6," "," ",22.62,1e-04,0.005,NA,TRUE,NA,NA,NA,NA
"DTXSID8021808","2-methylphenol","95-48-7",1.951,108.1," ","10.4",27.48,1e-04,0.38,NA,TRUE,NA,NA,NA,NA
"DTXSID4024359","""2,4,5-trichlorophenol""","95-95-4",3.722,197.4," ","6.83",26.24,1e-04,0.005322,NA,TRUE,NA,NA,NA,NA
"DTXSID9020617","Eugenol","97-53-0",2.272,164.2," ","9.94",103.6,3e-04,0.1922,NA,TRUE,NA,NA,NA,NA
"DTXSID7022413","Isoeugenol","97-54-1",3.035,164.2," ","10",71.78,1e-04,0.005,NA,TRUE,NA,NA,NA,NA
"DTXSID1020221","4-tert-butylphenol","98-54-4",3.31,150.2," ","10.2",26.8,1e-04,0.1052,NA,TRUE,NA,NA,NA,NA
"DTXSID3020964","Nitrobenzene","98-95-3",1.851,123.1," "," ",8.168,0.0083,0.3844,NA,TRUE,NA,NA,NA,NA
"DTXSID5021831","3-nitrotoluene","99-08-1",2.449,137.1," "," ",16.82,1e-04,0.07728,NA,TRUE,NA,NA,NA,NA
"DTXSID0020943","2-methoxy-5-nitroaniline","99-59-2",1.471,168.2,"1.83"," ",12.03,0.0076,0.3359,NA,TRUE,NA,NA,NA,NA
"DTXSID7022332","4-(butan-2-yl)phenol","99-71-8",3.083,150.2," ","10.3",19.03,1e-04,0.0608,NA,TRUE,NA,NA,NA,NA
"DTXSID4022529","Methylparaben","99-76-3",1.958,152.1," ","8.5",107.5,1e-04,0.07056,NA,TRUE,NA,NA,NA,NA
"DTXSID5023792","4-nitrotoluene","99-99-0",2.371,137.1," "," ",19.32,2e-04,0.0679,NA,TRUE,NA,NA,NA,NA
"DTXSID8040147","Diltiazem hydrochloride","33286-22-5",1.746,451,"8.18","12.9",23.48,NA,0.22,1,TRUE,NA,NA,NA,NA
"DTXSID3020384","Dexamethasone","50-02-2",1.92,392.5," ","12.4,13.5,14.1",1.791,NA,0.32,0.93,TRUE,NA,NA,NA,NA
"DTXSID6022923","Diclofenac","15307-86-5",4.52,296.2," ","4",65.42,NA,0.005,0.55,TRUE,NA,NA,NA,NA
"DTXSID5020732","Ibuprofen","15687-27-1",3.735,206.3," ","4.85",10.12,NA,0.01,0.55,TRUE,NA,NA,NA,NA
"DTXSID8021359","Tolbutamide","64-77-7",2.339,270.4," ","4.33",1.324,NA,0.04,0.68,TRUE,NA,NA,NA,NA
"DTXSID4040686","Naproxen","22204-53-1",3.18,230.3," ","4.19",26.48,NA,0.002,1,TRUE,NA,NA,NA,NA
"DTXSID2022628","Atenolol","29122-68-7",0.1596,266.3,"9.67","14.1",1.986,NA,0.94,1.07,TRUE,NA,NA,NA,NA
"DTXSID3037208","Diclofenac sodium","15307-79-6",0.7004,318.1," ","4",38.84,NA,0.004131,NA,TRUE,NA,NA,NA,NA
"DTXSID7038864","2,2'-methylenebis(ethyl-6-tert-butylphenol)","88-24-4",7.47,368.6," ","9.18,11",0,0.9952,0.00513,NA,TRUE,NA,NA,NA,NA
"DTXSID2022707","Buspirone","36505-84-7",2.629,385.5,"7.62,2.06"," ",7.66,NA,0.05,0.81,TRUE,NA,NA,NA,NA
"DTXSID2023309","Metoprolol","51384-51-1",1.881,267.4,"9.67","14.1",6.231,NA,0.883,1.07,TRUE,NA,NA,NA,NA
"DTXSID1027635","2,2,4-trimethyl-1,3-pentanediol diisobutyrate","6846-50-0",4.777,286.4," "," ",9.95,0,9.42e-07,NA,TRUE,NA,NA,NA,NA
"DTXSID1021116","Phenacetin","62-44-2",1.58,179.2," ","15",9.346,NA,0.6,1.01,TRUE,NA,NA,NA,NA
"DTXSID6020648","Furosemide","54-31-9",2.029,330.7," ","4.25,9.83",0,NA,0.012,0.55,TRUE,NA,NA,NA,NA
"DTXSID6022187","2,3,6-trimethylphenol","2416-94-6",2.671,136.2," ","10.8",106,0,0.0908,NA,TRUE,NA,NA,NA,NA
"DTXSID1021087","Oxazepam","604-75-1",2.239,286.7," ","10.6,12.5",3.271,NA,0.04,0.66,TRUE,NA,NA,NA,NA
"DTXSID1042574","Sulpiride","15676-16-1",0.5712,341.4,"8.39","10.2,13.5",0,NA,1,1,TRUE,NA,NA,NA,NA
"DTXSID7023300","Methylprednisolone","83-43-2",1.721,374.5," ","12.6,13.9,14.9",5.452,NA,0.23,0.78,TRUE,NA,NA,NA,NA
"DTXSID9021184","Prednisolone","50-24-8",1.62,360.4," ","12.6,13.9,14.9",5.841,NA,0.25,1,TRUE,NA,NA,NA,NA
"DTXSID8023719","Troglitazone","97322-87-7",4.36,441.5," ","6.61,10.8",21.85,NA,0.000941,0.548,TRUE,NA,NA,NA,NA
"DTXSID0020365","Cyclosporin a","59865-13-3",2.92,1203," ","11.8,12.2,12.6,13,14.3",8.591,NA,0,1.283,TRUE,NA,NA,NA,NA
"DTXSID0020286","3-chloro-4-methylaniline","95-74-9",1.926,141.6,"3.98"," ",65.3,0,0.145,NA,TRUE,NA,NA,NA,NA
"DTXSID5023039","Famotidine","76824-35-6",-0.6389,337.4,"8.38,1.74","9.29",0,NA,0.84,1,TRUE,NA,NA,NA,NA
"DTXSID6021080","Omeprazole","73590-58-6",2.231,345.4,"4.77,1.59","9.68",3.271,NA,0.16,0.58,TRUE,NA,NA,NA,NA
"DTXSID6023523","Propofol","2078-54-8",3.791,178.3," ","11",107,NA,0.016,1.25,TRUE,NA,NA,NA,NA
"DTXSID9023752","Zileuton","111406-87-2",0.1828,236.3," ","8.84",2.298,NA,0.07,NA,TRUE,NA,NA,NA,NA
"DTXSID2020341","Codeine","76-57-3",1.14,299.4,"9.19","13.8",24.53,NA,1,NA,TRUE,NA,NA,NA,NA
"DTXSID8045191","Ranitidine","66357-35-5",0.2691,314.4,"7.8,0.47"," ",1.324,NA,0.95,1.03,TRUE,NA,NA,NA,NA
"DTXSID7020504","Aminopyrine","58-15-1",0.9955,231.3,"3.66"," ",4.1,NA,1,NA,TRUE,NA,NA,NA,NA
"DTXSID7029879","Ketoconazole","65277-42-1",4.348,531.4,"6.42,3.96"," ",55,NA,0.062,0.7478,TRUE,NA,NA,NA,NA
"DTXSID1037272","Tacrine","321-64-2",2.707,198.3,"8.95"," ",1000,NA,1,1.6,TRUE,NA,NA,NA,NA
"DTXSID5022934","Digoxin","20830-75-5",1.263,780.9," ","7.15,13,13.6,14,14.3,14.7",0,NA,0.7,0.96,TRUE,NA,NA,NA,NA
"DTXSID4020822","Methotrexate","59-05-2",-1.847,454.4,"1.8,0.03","3.26,4.11",0,0.9997,0.432,0.71,TRUE,NA,NA,NA,NA
"DTXSID1020930","Nicotine","54-11-5",1.171,162.2,"8.58,2.7"," ",4.44,0,0.406,0.8238,TRUE,NA,NA,NA,NA
"DTXSID7023645","Tetracycline","60-54-8",-1.295,444.4,"5.36","7.27,8.57,11.6,13,14.4",0,0.9998,0.468,1.7,TRUE,NA,NA,NA,NA
"DTXSID6023733","Valproic acid","99-66-1",2.748,144.2," ","5.14",0.4366,NA,0.214,0.74,TRUE,NA,NA,NA,NA
"DTXSID3020910","Busulphan","55-98-1",-0.5186,246.3," "," ",1.39,NA,1,NA,TRUE,NA,NA,NA,NA
"DTXSID7020263","Chlorambucil","305-03-3",1.707,304.2,"1.72","4.46",44,NA,0.01,NA,TRUE,NA,NA,NA,NA
"DTXSID7020265","Chloramphenicol","56-75-7",1.139,323.1," ","8.69,13.6",0.723,NA,0.34,NA,TRUE,NA,NA,NA,NA
"DTXSID8022824","Ciprofloxacin","85721-33-1",0.2801,331.3,"8.68","5.76",4.17,NA,0.7,1.07,TRUE,NA,NA,NA,NA
"DTXSID5024845","Colchicine","64-86-8",1.3,399.4," "," ",0.698,NA,0.61,NA,TRUE,NA,NA,NA,NA
"DTXSID4020371","Dapsone","80-08-0",0.9717,248.3,"2.39,1.57"," ",0,0.9066,0.295,1.04,TRUE,NA,NA,NA,NA
"DTXSID6022927","Didanosine","69655-05-6",-1.238,236.2,"0.6","8.93,14.7",0,0.9994,0.951,1.08,TRUE,NA,NA,NA,NA
"DTXSID9021130","Edaravone","89-25-8",1.783,174.2," ","14.6",2,NA,0.89,NA,TRUE,NA,NA,NA,NA
"DTXSID0020573","Estradiol","50-28-2",3.909,272.4," ","10.3",56.9,0,4.95e-06,NA,TRUE,NA,NA,NA,NA
"DTXSID3020625","Finasteride","98319-26-7",3.03,372.6,"0.16","14.5",4.5,NA,0.095,0.56,TRUE,NA,NA,NA,NA
"DTXSID0038887","Fluorescein","2321-07-5",2.531,332.3," ","8.72,9.32",0,0.9996,0.151,NA,TRUE,NA,NA,NA,NA
"DTXSID0040676","Glipizide","29094-61-9",1.91,445.5,"0.06","4.32,13.9",1.597,NA,0.02,0.55,TRUE,NA,NA,NA,NA
"DTXSID0037237","Glyburide","10238-21-8",1.786,494," ","4.32,13.7",6.62,NA,0.021,0.56,TRUE,NA,NA,NA,NA
"DTXSID9020740","Indomethacin","53-86-1",4.267,357.8," ","3.79",9.35,0,0.0103,NA,TRUE,NA,NA,NA,NA
"DTXSID8020755","Isoniazide","54-85-3",-0.6985,137.1,"3.35,2.36","13.6",1.11,NA,1,NA,TRUE,NA,NA,NA,NA
"DTXSID3036496","Levonorgestrel","797-63-7",3.067,312.5," "," ",9.89,0,0.0369,NA,TRUE,NA,NA,NA,NA
"DTXSID1022421","Melatonin","73-31-4",0.6118,232.3," "," ",0,0.9982,0.498,NA,TRUE,NA,NA,NA,NA
"DTXSID5029055","4-nonylphenol, branched","84852-15-3",5.034,220.2," ","10.3",104,NA,1.41e-07,NA,FALSE,NA,NA,NA,NA
"DTXSID5023322","Mifepristone","84371-65-3",4.814,429.6,"4.89","12.9",33.2,0,0.0167,NA,TRUE,NA,NA,NA,NA
"DTXSID7020972","Nitrofurantoin","67-20-9",-0.4691,238.2," ","8.23,13.7",0,0.9984,0.415,0.76,TRUE,NA,NA,NA,NA
"DTXSID3023471","Physostigmine","57-47-6",1.58,275.4,"6.59","14.8",1.64,NA,0.64,NA,TRUE,NA,NA,NA,NA
"DTXSID4021218","Quercetin","117-39-5",1.24,302.2," ","7.58,8.9,9.49,12.6,14.8",75.2,0,0.0176,NA,TRUE,NA,NA,NA,NA
"DTXSID5051650","4,4'-(isopropylidenebis(4,1-phenyleneoxy))dianiline","13080-86-9",6.357,410.5,"4.6,4"," ",0,0.9996,2.48e-08,NA,TRUE,NA,NA,NA,NA
"DTXSID3023685","Tolcapone","134308-13-7",2.798,273.2," ","5.44,10.3",22,0,0.0133,NA,TRUE,NA,NA,NA,NA
"DTXSID6021371","Triamcinolone acetonide","76-25-5",2.531,434.5," ","13.4,14",9,NA,0.2,NA,TRUE,NA,NA,NA,NA
"DTXSID6021373","Triamterene","396-01-0",0.9803,253.3,"1.86"," ",0,0.9985,0.333,NA,TRUE,NA,NA,NA,NA
"DTXSID6020690","Hexachlorophene","70-30-4",7.538,406.9," ","5.15,8.79",0,0.9988,8.62e-09,0.8086,TRUE,NA,NA,NA,NA
"DTXSID8022589","Aminoglutethimide","125-84-8",-1.471,232.3,"4.28","11.7",0.723,NA,0.563,NA,TRUE,NA,NA,NA,NA
"DTXSID3022588","Aminopterin","54-62-6",-0.05046,440.4,"2.25,1.57","3.38,4.18",0,NA,0.75,NA,TRUE,NA,NA,NA,NA
"DTXSID6024882","Cycloheximide","66-81-9",0.5478,281.4," ","11.8,14.8",1.74,NA,0.629,NA,TRUE,NA,NA,NA,NA
"DTXSID7021780","Diethylphthalate","84-66-2",2.444,222.2," "," ",42.5,NA,0.19,NA,TRUE,NA,NA,NA,NA
"DTXSID0024002","Fenpropathrin","39515-41-8",5.698,349.4," ","10.6",19.7,0,0.00458,NA,TRUE,NA,NA,NA,NA
"DTXSID3020621","Fenvalerate","67614-33-9",6.2,419.9," ","10.6",0.766,NA,0.005,NA,TRUE,NA,NA,NA,NA
"DTXSID0020656","Gibberellic_acid","77-06-5",0.2422,346.4," ","4.16,14.1",0,NA,0.24,NA,TRUE,NA,NA,NA,NA
"DTXSID3020912","Nalidixic_acid","389-08-2",1.59,232.2,"4.68","5.95",1.1,NA,0.749,NA,TRUE,NA,NA,NA,NA
"DTXSID6023600","Strychnine","57-24-9",1.929,334.4,"9.27"," ",2,NA,0.457,NA,TRUE,NA,NA,NA,NA
"DTXSID0048185","Apomorphine hydrochloride hydrate","41372-20-7",0.1058,625.6,"7.72","9.26,12.7",17.4,8e-05,0.0723,NA,FALSE,NA,NA,NA,NA
"DTXSID0020652","Gemfibrozil","25812-30-0",4.431,250.3," ","4.42",52.18,NA,0.03,0.55,TRUE,NA,NA,NA,NA
"DTXSID2020713","Hydrochlorothiazide","58-93-5",-0.07002,297.7," ","9.09,9.83,11.3",0,0.9977,0.274,1.7,TRUE,NA,NA,NA,NA
"DTXSID7020687","1,2,3,4,5,6-hexachlorocyclohexane","608-73-1",3.719,290.8," "," ",0,0.8111,0.0174,NA,TRUE,NA,NA,NA,NA
"DTXSID4020119","Azathioprine","446-86-6",0.101,277.3,"2.13","8.62",0,0.8394,0.32,NA,TRUE,NA,NA,NA,NA
"DTXSID9022310","Daidzein","486-66-8",3.243,254.2," ","6.48,8.96",15.4,0,0.0553,NA,TRUE,NA,NA,NA,NA
"DTXSID8021301","Tamoxifen citrate","54965-24-1",0.8373,563.6,"8.76"," ",0,0.878,0.0012,NA,TRUE,NA,NA,NA,NA
"DTXSID2022381","Meso-hexestrol","84-16-2",4.274,270.4," ","9.93,10.5",0,0.4102,0.00772,NA,TRUE,NA,NA,NA,NA
"DTXSID4021717","4-chloro-3-methylphenol","59-50-7",3.091,142.6," ","9.08",0,0.9963,0.0723,NA,TRUE,NA,NA,NA,NA
"DTXSID4022367","Estrone","53-16-7",3.132,270.4," ","10.3",0,0.8335,0.0308,NA,TRUE,NA,NA,NA,NA
"DTXSID7020768","Kaempferol","520-18-3",2.158,286.2," ","7.59,9.01,9.65,14.4",95.7,NA,0.02973,NA,TRUE,NA,NA,NA,NA
"DTXSID0021460","Zearalenone","17924-92-4",3.745,318.4," ","8.54,10.4",209,0,0.004899,NA,TRUE,NA,NA,NA,NA
"DTXSID9022364","5alpha-dihydrotestosterone","521-18-6",3.551,290.4," "," ",70.7,0,0.0313,NA,TRUE,NA,NA,NA,NA
"DTXSID6022391","Apigenin","520-36-5",3.02,270.2," ","6.57,8.07,8.83",138,0,9.57e-05,NA,TRUE,NA,NA,NA,NA
"DTXSID1021403","Trimethyl phosphate","512-56-1",-0.6486,140.1," "," ",3.43,NA,1.084,NA,TRUE,NA,NA,NA,NA
"DTXSID5022437","Nordihydroguaiaretic acid","500-38-9",3.091,302.4," ","9.21,9.81,12.7,13.3",270,0,7.14e-08,NA,TRUE,NA,NA,NA,NA
"DTXSID4022446","2,2'-bisphenol f","2467-02-9",3.4,200.2," ","8.26,11.9",83.5,0,0.041,NA,TRUE,NA,NA,NA,NA
"DTXSID4022525","2-ethylhexylparaben","5153-25-3",4.101,250.3," ","8.5",128,NA,0.01318,NA,TRUE,NA,NA,NA,NA
"DTXSID4020240","Caprolactam","105-60-2",-1.193,113.2," ","15",0,0.9996,0.761,NA,TRUE,NA,NA,NA,NA
"DTXSID5021388","2,4,5-trichlorophenoxyacetic acid","93-76-5",3.31,255.5," ","2.56",0,0.9983,0.0127,NA,TRUE,NA,NA,NA,NA
"DTXSID4021135","C.i. solvent yellow 14","842-07-9",3.866,248.3," ","11.8",0,0.999,0.00277,NA,TRUE,NA,NA,NA,NA
"DTXSID8022406","2,4-dihydroxybenzophenone","131-56-6",2.595,214.2," ","7.09,8.72",39.3,0,0.0113,NA,TRUE,NA,NA,NA,NA
"DTXSID6047319","Carabersat","184653-84-7",3.204,357.4," ","12.7,13.4",0,0.9962,0.187,NA,TRUE,NA,NA,NA,NA
"DTXSID1033664","17-methyltestosterone","58-18-4",3.361,302.5," "," ",12.7,0,0.0329,NA,TRUE,NA,NA,NA,NA
"DTXSID3022409","4,4'-sulfonyldiphenol","80-09-1",-0.1034,250.3," ","7.42,8.03",0,0.9922,0.0576,NA,TRUE,NA,NA,NA,NA
"DTXSID5021411","Tris(2-chloroethyl) phosphate","115-96-8",1.441,285.5," "," ",0,0.1746,0.44,NA,TRUE,NA,NA,NA,NA
"DTXSID9022526","Benzylparaben","94-18-8",3.556,228.2," ","8.5",633,0,0.00674,NA,TRUE,NA,NA,NA,NA
"DTXSID2022121","Triphenylphosphine oxide","791-28-6",2.835,278.3," "," ",0,0.9996,0.101,NA,TRUE,NA,NA,NA,NA
"DTXSID3041035","(6)-gingerol","23513-14-6",3.431,294.4," ","9.95",146,0,0.141,NA,TRUE,NA,NA,NA,NA
"DTXSID8044593","1-benzylquinolinium chloride","15619-48-4",0.4384,255.8," "," ",7.31,0,0.599,NA,TRUE,NA,NA,NA,NA
"DTXSID4042206","1-dodecyl-2-pyrrolidinone","2687-96-9",4.203,253.4," "," ",19.1,0,0.0125,NA,TRUE,NA,NA,NA,NA
"DTXSID6021793","1-naphthol","90-15-3",2.85,144.2," ","9.6",0,0.9244,0.0682,NA,TRUE,NA,NA,NA,NA
"DTXSID7025132","1,2-dimethyl-3-nitrobenzene","83-41-0",2.83,151.2," "," ",523,0,3.21e-08,NA,TRUE,NA,NA,NA,NA
"DTXSID6020147","1,2,3-benzotriazole","95-14-7",1.439,119.1,"0.56","8.63",0,0.9999,0.287,NA,TRUE,NA,NA,NA,NA
"DTXSID2041250","1,4-bis(n-isopropylamino)anthraquinone","14233-37-5",3.459,322.4,"4.71,1.81"," ",0,0.9994,0.00728,NA,TRUE,NA,NA,NA,NA
"DTXSID8022377","17alpha-estradiol","57-91-0",3.909,272.4," ","10.3",55.6,0,3.98e-05,NA,TRUE,NA,NA,NA,NA
"DTXSID0034192","17beta-trenbolone","10161-33-8",2.948,270.4," "," ",37.4,0,0.0999,NA,TRUE,NA,NA,NA,NA
"DTXSID3044590","2',4',5',7'-tetrabromofluorescein","15086-94-9",5.861,647.9," ","6,6.61",0,0.9764,0.003,NA,TRUE,NA,NA,NA,NA
"DTXSID2044890","2-(4-hydroxybenzyl)phenol","2467-03-0",3.15,200.2," ","9.8,10.4",56.8,0,0.0426,NA,TRUE,NA,NA,NA,NA
"DTXSID6032647","2-(thiocyanomethylthio)benzothiazole","21564-17-0",3.299,238.3,"1.02"," ",0,0.346,0.331,NA,TRUE,NA,NA,NA,NA
"DTXSID4027604","2-[4-(diethylamino)-2-hydroxybenzoyl]benzoic acid","5809-23-4",3.279,313.4,"3.09","3.72,7.32",2,0,0.00517,NA,TRUE,NA,NA,NA,NA
"DTXSID1020069","2-amino-5-azotoluene","97-56-3",3.783,225.3,"2.99,0.5"," ",6.89,0,0.00696,NA,TRUE,NA,NA,NA,NA
"DTXSID6020068","2-aminoanthraquinone","117-79-3",3.307,223.2,"2.04"," ",30.8,0,0.0305,NA,TRUE,NA,NA,NA,NA
"DTXSID0022353","2-chloro-4-phenylphenol","92-04-6",4.165,204.6," ","7.88",0,0.4811,1.17e-08,NA,TRUE,NA,NA,NA,NA
"DTXSID3041409","2-chloro-n-phenylacetamide","587-65-5",1.63,169.6," ","13.5",38.9,0,0.401,NA,TRUE,NA,NA,NA,NA
"DTXSID5041516","2-ethyl-3-hydroxy-4h-pyran-4-one","4940-11-8",0.6281,140.1," ","9.53",81,0,0.606,NA,TRUE,NA,NA,NA,NA
"DTXSID3022405","2-hydroxy-4-methoxybenzophenone","131-57-7",3.785,228.2," ","7.07",15.7,0,0.00952,NA,TRUE,NA,NA,NA,NA
"DTXSID9025536","2-mercaptobenzimidazole","583-39-1",1.66,150.2," ","9.77,14.2",0,0.9947,0.4,NA,TRUE,NA,NA,NA,NA
"DTXSID1020807","2-mercaptobenzothiazole","149-30-4",2.418,167.2,"1.26","7.46",37.3,0,0.0215,NA,TRUE,NA,NA,NA,NA
"DTXSID2047199","2-methoxy-4-propylphenol","2785-87-7",2.648,166.2," ","10.3",24.6,0,0.0707,NA,TRUE,NA,NA,NA,NA
"DTXSID0023113","2-methoxyphenol","90-05-1",1.32,124.1," ","9.98",44.9,0,0.569,NA,TRUE,NA,NA,NA,NA
"DTXSID1026164","2-methylaniline","95-53-4",1.322,107.2,"4.48"," ",0,0.994,0.713,NA,TRUE,NA,NA,NA,NA
"DTXSID4044581","2-tert-butyl-4-ethylphenol","96-70-8",3.812,178.3," ","10.9",102,0,0.0454,NA,TRUE,NA,NA,NA,NA
"DTXSID2020212","2-tert-butyl-4-methylphenol","2409-55-4",3.433,164.2," ","11",20.9,0,0.0272,NA,TRUE,NA,NA,NA,NA
"DTXSID2026529","2-tert-butyl-5-methylphenol","88-60-8",3.343,164.2," ","10.7",36,0,0.0264,NA,TRUE,NA,NA,NA,NA
"DTXSID2026525","2-tert-butylphenol","88-18-6",3.31,150.2," ","10.6",59.7,0,0.000115,NA,TRUE,NA,NA,NA,NA
"DTXSID4020870","2,2'-methylenebis(4-methyl-6-tert-butylphenol)","119-47-1",6.251,340.5," ","9.21,11.1",22.4,0,2.14e-08,NA,TRUE,NA,NA,NA,NA
"DTXSID5020449","Dichlorvos","62-73-7",1.429,221," "," ",86.4,0,1.18e-07,NA,TRUE,NA,NA,NA,NA
"DTXSID5041306","2,2',4,4'-tetrahydroxybenzophenone","131-55-5",2.598,246.2," ","6.75,7.38,8.45,9.05",19.2,0,0.0354,NA,TRUE,NA,NA,NA,NA
"DTXSID9022522","Diisobutyl phthalate","84-69-5",4.112,278.3," "," ",345,0,0.000435,NA,TRUE,NA,NA,NA,NA
"DTXSID5031131","Dipentyl phthalate","131-18-0",5.616,306.4," "," ",301,0,0.0986,NA,TRUE,NA,NA,NA,NA
"DTXSID2027414","2,3-dihydro-2,2-dimethyl-7-benzofuranol","1563-38-8",2.083,164.2," ","10",0,0.9986,0.364,NA,TRUE,NA,NA,NA,NA
"DTXSID6037728","2,3,4-trihydroxbenzophenone","1143-72-2",2.833,230.2," ","7.32,8.9,13",94.1,0,0.0185,NA,TRUE,NA,NA,NA,NA
"DTXSID8032544","Dipropyl 2,5-pyridinedicarboxylate","136-45-8",3.565,251.3," "," ",592,0,0.865,NA,TRUE,NA,NA,NA,NA
"DTXSID2026602","2,4-di-tert-butylphenol","96-76-4",5.186,206.3," ","10.9",2.52,0,0.144,NA,TRUE,NA,NA,NA,NA
"DTXSID8044836","2,4,4'-trihydroxybenzophenone","1470-79-7",2.707,230.2," ","7.01,7.87,8.79",21.1,0,0.0196,NA,TRUE,NA,NA,NA,NA
"DTXSID7022049","2,4,6-trimethylphenol","527-60-6",2.729,136.2," ","11.1",163,0,0.109,NA,TRUE,NA,NA,NA,NA
"DTXSID5044992","2,5-bis(2-methylbutan-2-yl)benzene-1,4-diol","79-74-3",4.911,250.4," ","10.3,12.2",11.4,0,0.0166,NA,TRUE,NA,NA,NA,NA
"DTXSID8041248","2,5-di-tert-butylbenzene-1,4-diol","88-58-4",4.59,222.3," ","10.4,12.2",117,0,1.83e-07,NA,TRUE,NA,NA,NA,NA
"DTXSID1044564","2,6,10-trimethyl-2,6,10-triazaundecane","3855-32-1",0.2133,201.4,"9.92,8.9,5.88"," ",0,0.9998,0.0383,NA,TRUE,NA,NA,NA,NA
"DTXSID0048183","Enterolactone","77756-20-8",2.811,298.3," ","9.16,9.77",139,0,0.0121,NA,TRUE,NA,NA,NA,NA
"DTXSID0025101","3-dimethylaminophenol","99-07-0",1.561,137.2,"3.94","9.78",0,0.8405,0.242,NA,TRUE,NA,NA,NA,NA
"DTXSID0028038","3-iodo-2-propynyl-n-butylcarbamate","55406-53-6",2.091,281.1," ","14.4",486,0,0.719,NA,TRUE,NA,NA,NA,NA
"DTXSID0044571","3-isopropylphenol","618-45-1",3.015,136.2," ","10.1",19.9,0,0.14,NA,TRUE,NA,NA,NA,NA
"DTXSID1026792","3-methylaniline","108-44-1",1.4,107.2,"4.86"," ",32.9,0.00074,0.549,NA,TRUE,NA,NA,NA,NA
"DTXSID9044825","3-tert-butylphenol","585-34-2",3.301,150.2," ","10.1",40.2,0,0.116,NA,TRUE,NA,NA,NA,NA
"DTXSID1020485","3,3'-dimethoxybenzidine dihydrochloride","20325-40-0",-0.2588,317.2,"4.55,3.57"," ",0,0.05006,0.201,NA,TRUE,NA,NA,NA,NA
"DTXSID6020511","3,3'-dimethylbenzidine dihydrochloride","612-82-8",-0.9007,285.2,"4.58,3.55"," ",25.4,0,0.115,NA,TRUE,NA,NA,NA,NA
"DTXSID1026081","3,3',5,5'-tetrabromobisphenol a","79-94-7",6.663,543.9," ","6.57,7.18",50.5,0,0.00107,NA,TRUE,NA,NA,NA,NA
"DTXSID8024999","3,4-dichloronitrobenzene","99-54-7",3.119,192," "," ",387,0,1.21e-07,NA,TRUE,NA,NA,NA,NA
"DTXSID7030307","3,5-dichloroaniline","626-43-7",2.899,162,"2.59"," ",86.1,0,0.0522,NA,TRUE,NA,NA,NA,NA
"DTXSID4040767","3,5-dichlorosalicyl-3,4-dichloroanullide","1154-59-2",5.109,351," ","5.95,14.8",0,0.9996,9.31e-09,NA,TRUE,NA,NA,NA,NA
"DTXSID8023216","3,5,3'-triiodothyronine","6893-02-3",3.769,651,"9.48","0.3,8.49",0,0.9907,3.46e-05,NA,TRUE,NA,NA,NA,NA
"DTXSID0027721","4-(2-phenylpropan-2-yl)-n-[4-(2-phenylpropan-2-yl)phenyl]aniline","10081-67-1",9.246,405.6,"0.95"," ",0,0.9972,3.09e-08,NA,TRUE,NA,NA,NA,NA
"DTXSID4048195","4-(hexyloxy)phenol","18979-55-0",3.355,194.3," ","9.93",83.6,0,0.00077,NA,TRUE,NA,NA,NA,NA
"DTXSID6024466","4-aminobenzoic acid","150-13-0",0.8241,137.1,"2.69","4.77",0,0.9409,0.766,NA,TRUE,NA,NA,NA,NA
"DTXSID5037739","4-anilinophenol","122-37-2",2.822,185.2,"2.17","9.97",75.1,0,0.0582,NA,TRUE,NA,NA,NA,NA
"DTXSID8021856","4-butylaniline","104-13-2",3.048,149.2,"4.91"," ",26.4,0,0.0599,NA,TRUE,NA,NA,NA,NA
"DTXSID4048199","4-butyloxyaniline","4344-55-2",1.459,165.2,"5.17"," ",28.4,0,0.165,NA,TRUE,NA,NA,NA,NA
"DTXSID3047425","4-butylphenol","1638-22-8",3.647,150.2," ","10.3",127,0,0.0358,NA,TRUE,NA,NA,NA,NA
"DTXSID5020283","4-chloro-1,2-diaminobenzene","95-83-0",1.277,142.6,"3.6"," ",31.6,0,0.373,NA,TRUE,NA,NA,NA,NA
"DTXSID9020295","4-chloroanulline","106-47-8",1.832,127.6,"3.49"," ",0,0.9529,0.264,NA,TRUE,NA,NA,NA,NA
"DTXSID3022536","4-cumylphenol","599-64-4",3.691,212.3," ","10.1",27.2,0,0.0231,NA,TRUE,NA,NA,NA,NA
"DTXSID0025864","4-ethoxyaniline","156-43-4",1.238,137.2,"5.13"," ",13.8,0,0.485,NA,TRUE,NA,NA,NA,NA
"DTXSID2037714","4-heptylphenol","1987-50-4",4.028,192.3," ","10.3",42.5,0,0.00365,NA,TRUE,NA,NA,NA,NA
"DTXSID5040708","4-hexylanilline","33228-45-4",4.207,177.3,"4.82"," ",440,0,0.00695,NA,TRUE,NA,NA,NA,NA
"DTXSID4022288","4-hexyloxyanilline","39905-57-2",3.635,193.3,"5.1"," ",79.3,0,0.0252,NA,TRUE,NA,NA,NA,NA
"DTXSID0021969","4-hydroxy-3-methoxybenzaldehyde","121-33-5",1.193,152.1," ","7.81",234,0,0.322,NA,TRUE,NA,NA,NA,NA
"DTXSID3037094","4-hydroxytamoxifen","68392-35-8",5.454,387.5,"8.66","9.45",16,0,0.0153,NA,TRUE,NA,NA,NA,NA
"DTXSID9037741","4-methylbenzophenone","134-84-9",3.306,196.2," "," ",118,0,0.0188,NA,TRUE,NA,NA,NA,NA
"DTXSID0021834","4-nitrophenol","100-02-7",1.912,139.1," ","7.07",14,0.03442,0.141,NA,TRUE,NA,NA,NA,NA
"DTXSID1021031","4-nitrosodiphenylamine","156-10-5",3.043,198.2,"2.77"," ",839,0,0.123,NA,TRUE,NA,NA,NA,NA
"DTXSID2023224","Loratadine","79794-75-5",5.197,382.9,"4.33"," ",33.9,0,0.00968,NA,TRUE,NA,NA,NA,NA
"DTXSID0040707","4-pentylaniline","33228-44-3",3.39,163.3,"4.91"," ",18.2,0,0.0234,NA,TRUE,NA,NA,NA,NA
"DTXSID5048180","4-propylanilline","2696-84-6",2.4,135.2,"4.91"," ",17.3,0,0.136,NA,TRUE,NA,NA,NA,NA
"DTXSID0048181","4-tert-butylaniline","769-92-6",2.7,149.2,"4.82"," ",10.7,0,0.155,NA,TRUE,NA,NA,NA,NA
"DTXSID5037731","4,4'-(9h-fluorene-9,9-diyl)diphenol","3236-71-3",3.674,350.4," ","9.57,10.2",22.4,0,1.24e-08,NA,TRUE,NA,NA,NA,NA
"DTXSID1022267","Methomyl","16752-77-5",0.6005,162.2,"0.69","14",2.05,0.00026,0.716,NA,TRUE,NA,NA,NA,NA
"DTXSID4048191","4,4'-methylenebis(2,6-diethylaniline)","13680-35-8",5.139,310.5,"4.3,3.51"," ",8.2,2e-05,0.00874,NA,TRUE,NA,NA,NA,NA
"DTXSID6022422","4,4'-methylenedianiline","101-77-9",1.589,198.3,"4.83,3.92"," ",3.37,0.00018,0.261,NA,TRUE,NA,NA,NA,NA
"DTXSID2037712","4,4',4''-ethane-1,1,1-triyltriphenol","27955-94-8",3.301,306.4," ","9.49,9.97,10.5",30.8,0,0.0141,NA,TRUE,NA,NA,NA,NA
"DTXSID9024489","5-amino-2-methylphenol","2835-95-2",0.7676,123.2,"4.48","10.1",16,4e-05,0.604,NA,TRUE,NA,NA,NA,NA
"DTXSID1046970","5hpp-33","105624-86-0",4.28,323.4," ","7.87",47,0,0.0415,NA,TRUE,NA,NA,NA,NA
"DTXSID6023652","6-thioguanine","154-42-7",-0.06896,167.2,"2.6","9.96,13",0,0.4778,0.804,NA,TRUE,NA,NA,NA,NA
"DTXSID6021828","Acetophenone","98-86-2",1.582,120.2," "," ",0,0.9833,0.326,NA,TRUE,NA,NA,NA,NA
"DTXSID2026446","Acetyl tributyl citrate","77-90-7",4.366,402.5," "," ",261,0,0.00942,NA,TRUE,NA,NA,NA,NA
"DTXSID1032519","Acibenzolar-s-methyl","135158-54-2",3.098,210.3," "," ",863,0,0.0232,NA,TRUE,NA,NA,NA,NA
"DTXSID3030636","Adriamycin hydrochloride","25316-40-9",1.473,580,"9.93","8,9.93,12.7,13.5,14.1",0,0.9996,0.157,NA,TRUE,NA,NA,NA,NA
"DTXSID6023862","Aldoxycarb","1646-88-4",-0.5679,222.3,"0.67","13.6",0,0.9986,0.948,NA,TRUE,NA,NA,NA,NA
"DTXSID4024436","Allura red c.i.16035","25956-17-6",2.328,496.4," ","-2.95,-2.38,11.8",0,0.9988,0.0137,NA,TRUE,NA,NA,NA,NA
"DTXSID7037185","Amiodarone hydrochloride","19774-82-4",2.244,681.8,"8.47"," ",4.537,NA,0,NA,TRUE,NA,NA,NA,NA
"DTXSID2025892","N-phenyl-1-naphthylamine","90-30-2",4.201,219.3,"0.34"," ",57.9,NA,0.006962,NA,TRUE,NA,NA,NA,NA
"DTXSID8023890","Asulam","3337-71-1",-0.2672,230.2,"2.02","3.03",0,0.2283,0.456,NA,TRUE,NA,NA,NA,NA
"DTXSID9020114","Auramine hydrochloride","2465-27-2",0.5336,303.8,"10.5,3.78,3.07"," ",8.66,0,0.107,NA,TRUE,NA,NA,NA,NA
"DTXSID9034818","Azamethiphos","35575-96-3",1.05,324.7," "," ",429,0,0.553,NA,TRUE,NA,NA,NA,NA
"DTXSID1020932","Nicotinic acid","59-67-6",0.358,123.1,"4.19","2.79",3.54,0.04766,0.594,NA,TRUE,NA,NA,NA,NA
"DTXSID5038888","Basic blue 7","2390-60-5",2.876,514.2,"5.39,4.18"," ",3.21,0,1.56e-08,NA,TRUE,NA,NA,NA,NA
"DTXSID8021804","Benzocaine","94-09-7",1.86,165.2,"2.78"," ",132,0,0.338,NA,TRUE,NA,NA,NA,NA
"DTXSID1024598","Benzyl salicylate","118-58-1",3.106,228.2," ","9.72",841,0,3.35e-08,NA,TRUE,NA,NA,NA,NA
"DTXSID2047270","Besonprodil","253450-09-8",4.239,402.5,"7.86","9.38",5.31,0,0.0385,NA,TRUE,NA,NA,NA,NA
"DTXSID2022678","Bicalutamide","90357-06-5",3.477,430.4," ","12,13.8",0,0.9998,0.0323,NA,TRUE,NA,NA,NA,NA
"DTXSID1022394","Biochanin a","491-80-5",3.138,284.3," ","6.55,8.15",230,0,0.0203,NA,TRUE,NA,NA,NA,NA
"DTXSID00872663","Bisdemethoxycurcumin","33171-05-0",3.242,308.3," ","8.7,9.26,10",112,0,3.08e-08,NA,TRUE,NA,NA,NA,NA
"DTXSID7037717","Bisphenol af","1478-61-1",4.017,336.2," ","9.13,9.74",125,0,0.00685,NA,TRUE,NA,NA,NA,NA
"DTXSID7034383","Bispyribac-sodium","125401-92-5",-1.027,452.4," ","2.94",0,0.9998,0.0106,NA,TRUE,NA,NA,NA,NA
"DTXSID3044704","Bromocresol green sodium salt","62625-32-5",1.581,720," ","6.58,7.18",0,0.9912,0.00511,NA,TRUE,NA,NA,NA,NA
"DTXSID6020197","Bromocriptine mesylate","22260-51-1",0.6293,750.7,"6.71","9.69,11.5,15",178,0,0.00955,NA,TRUE,NA,NA,NA,NA
"DTXSID1021247","C.i. basic red 9 monohydrochloride","569-61-9",-0.8487,323.8,"10.3,3.65,2.89"," ",3.23,0,0.235,NA,TRUE,NA,NA,NA,NA
"DTXSID9044538","C.i. disperse orange 37","13301-61-6",3.178,392.2,"2.88"," ",0,0.9972,0.00145,NA,TRUE,NA,NA,NA,NA
"DTXSID5040706","C.i. solvent orange 7","3118-97-6",4.442,276.3,"0.54","11.8",0,0.9991,2.63e-08,NA,TRUE,NA,NA,NA,NA
"DTXSID3041744","C.i. solvent red 49","509-34-2",6.086,442.6,"4.61,4"," ",13.9,0,0.0456,NA,TRUE,NA,NA,NA,NA
"DTXSID4047882","Phenylparaben","17696-62-7",3.288,214.2," ","8.45",865,0,0.045,NA,TRUE,NA,NA,NA,NA
"DTXSID1048122","C8-18-alkydimethylbenzyl ammonium chlorides","63449-41-2",3.16,276.3," "," ",63.1,0,0.0104,NA,FALSE,NA,NA,NA,NA
"DTXSID3044203","Pioglitazone hydrochloride","112529-15-4",-0.2365,392.9,"5.6","6.66",8.92,0,0.0106,NA,TRUE,NA,NA,NA,NA
"DTXSID3047344","Cariporide mesylate","159138-81-5",0.5727,379.4,"3.71"," ",0,1,0.451,NA,TRUE,NA,NA,NA,NA
"DTXSID9022817","Carminic acid","1260-17-9",0.573,492.4," ","2.22,7.18,9.08,10.2,12.4,12.9",88.8,0.02146,3.85e-08,NA,TRUE,NA,NA,NA,NA
"DTXSID3020257","Catechol","120-80-9",0.8794,110.1," ","9.34,12.8",42.3,0,0.0268,NA,TRUE,NA,NA,NA,NA
"DTXSID7032345","Chlorhexidine diacetate","56-95-1",1.33,625.6,"10.5,9.92,8.22,7.63"," ",0,0.9974,0.00236,NA,TRUE,NA,NA,NA,NA
"DTXSID2032348","Chlorophacinone","3691-35-8",4.064,374.8," ","4.33,14.6",0,0.9997,2.44e-08,NA,TRUE,NA,NA,NA,NA
"DTXSID0020319","Chlorothalonil","1897-45-6",2.976,265.9," "," ",0,0.9325,0.378,NA,TRUE,NA,NA,NA,NA
"DTXSID1021299","Chlorotrianisene","569-57-3",5.725,380.9," "," ",0,0.9789,7.84e-07,NA,TRUE,NA,NA,NA,NA
"DTXSID7024827","Chlorpromazine hydrochloride","69-09-0",1.32,355.3,"9.2"," ",0,0.07764,0.0235,NA,TRUE,NA,NA,NA,NA
"DTXSID1022396","Chrysin","480-40-0",3.519,254.2," ","6.58,8.18",204,0,0.00263,NA,TRUE,NA,NA,NA,NA
"DTXSID2047272","Cj-013610","249296-43-3",0.4695,489.6,"6.65"," ",0,0.2558,0.0645,NA,TRUE,NA,NA,NA,NA
"DTXSID3020336","Clofibrate","637-07-0",3.456,242.7," "," ",868,0,7.42e-08,NA,TRUE,NA,NA,NA,NA
"DTXSID3042633","Clomipramine hydrochloride","17321-77-6",1.822,351.3,"9.2"," ",0,0.9771,0.041,NA,TRUE,NA,NA,NA,NA
"DTXSID5047320","Sb236057a","180084-01-9",4.528,571.1,"9.07"," ",4.65,0,0.015,NA,TRUE,NA,NA,NA,NA
"DTXSID6034265","Clopyralid-olamine","57754-85-5",1.453,253.1," ","3.15",0,0.9996,0.464,NA,TRUE,NA,NA,NA,NA
"DTXSID7029871","Clotrimazole","23593-75-1",4.8,344.8,"6.26"," ",77.1,0,0.00953,NA,TRUE,NA,NA,NA,NA
"DTXSID6022474","Corticosterone","50-22-6",1.942,346.5," ","13.9",12.1,0,0.137,NA,TRUE,NA,NA,NA,NA
"DTXSID8047266","Cp-544439","230954-09-3",2.383,410.4," ","8.67,10.3",2.27,0,0.145,NA,TRUE,NA,NA,NA,NA
"DTXSID7047306","Cp-634384","290352-28-2",3.337,341.4," ","2.44,10.1",0,0.9631,0.0126,NA,TRUE,NA,NA,NA,NA
"DTXSID6047282","Cp-671305","445295-04-5",3.118,454.4,"0.71","3.4,14",0,0.9841,0.0414,NA,TRUE,NA,NA,NA,NA
"DTXSID8031077","Curcumin","458-37-7",2.597,368.4," ","9.08,9.61,10.2",297,0,4.14e-08,NA,TRUE,NA,NA,NA,NA
"DTXSID9034492","Cyazofamid","120116-88-3",0.848,324.8," "," ",10,0.00076,0.051,NA,TRUE,NA,NA,NA,NA
"DTXSID6043709","Cyclopamine","4449-51-8",5.248,411.6,"10"," ",29.4,0,0.0741,NA,TRUE,NA,NA,NA,NA
"DTXSID6024888","Cyclophosphamide monohydrate","6055-19-2",1.304,279.1,"0.08","13.4",0,0.9998,0.772,NA,TRUE,NA,NA,NA,NA
"DTXSID5035957","Cyfluthrin","68359-37-5",5.952,434.3," ","10.5",23.8,0,1.82e-08,NA,TRUE,NA,NA,NA,NA
"DTXSID6032358","Cymoxanil","57966-95-7",0.5879,198.2," ","10.6",32.8,0,0.437,NA,TRUE,NA,NA,NA,NA
"DTXSID5020366","Cyproterone acetate","427-51-0",3.409,416.9," "," ",4.46,0,0.0584,NA,TRUE,NA,NA,NA,NA
"DTXSID5024891","Cytarabine hydrochloride","69-74-9",-2.084,279.7," ","12.6,13.9,14.8",16.8,0,0.96,NA,TRUE,NA,NA,NA,NA
"DTXSID9020370","Daminozide","1596-84-5",-1.495,160.2,"2.19","4.5,12.5",2.29,0.0157,0.939,NA,TRUE,NA,NA,NA,NA
"DTXSID0047246","Darbufelone mesylate","139340-56-0",0.5448,428.6,"1.53","10.4,11",0,0.9908,0.00678,NA,TRUE,NA,NA,NA,NA
"DTXSID5037494","Deethylatrazine","6190-65-4",1.511,187.6,"3.38","14.6",0,0.6115,0.486,NA,TRUE,NA,NA,NA,NA
"DTXSID9034361","Denatonium saccharide","90823-38-4",0.8279,507.6," ","12.1",0,0.9997,0.488,NA,TRUE,NA,NA,NA,NA
"DTXSID3047429","Dexamethasone sodium phosphate","2392-39-4",0.9792,516.4," ","1.18,6.21,12.4,13.7",9.63,0,0.0956,NA,TRUE,NA,NA,NA,NA
"DTXSID1041847","Dibutyl decanedioate","109-43-3",5.972,314.5," "," ",134,0,7.05e-08,NA,TRUE,NA,NA,NA,NA
"DTXSID6021824","Dichlorophen","97-23-4",4.258,269.1," ","7.22,10.9",13.2,0,0.0045,NA,TRUE,NA,NA,NA,NA
"DTXSID0021389","Trichlorfon","52-68-6",0.5114,257.4," ","10.1",31.7,0,0.696,NA,TRUE,NA,NA,NA,NA
"DTXSID1024049","Diflubenzuron","35367-38-5",3.877,310.7," ","9.05",0,0.9952,0.0308,NA,TRUE,NA,NA,NA,NA
"DTXSID4032580","Trifloxystrobin","141517-21-7",3.474,408.4,"2.37"," ",466,0,0.0072,NA,TRUE,NA,NA,NA,NA
"DTXSID4026262","Triglycidyl isocyanurate","2451-62-9",-0.2031,297.3," "," ",180,0,0.402,NA,TRUE,NA,NA,NA,NA
"DTXSID8024072","Diphenamid","957-51-7",2.808,239.3," "," ",0,0.9876,0.301,NA,TRUE,NA,NA,NA,NA
"DTXSID0022436","Diphenolic acid","126-00-1",3.455,286.3," ","4.22,9.19,9.8",0,0.971,0.163,NA,TRUE,NA,NA,NA,NA
"DTXSID5026706","1,2-diphenoxyethane","104-66-5",3.809,214.3," "," ",18.51,NA,0,NA,TRUE,NA,NA,NA,NA
"DTXSID1021322","Disulfiram","97-77-8",3.877,296.5," "," ",28.46,NA,0.08601,NA,TRUE,NA,NA,NA,NA
"DTXSID3047477","Dl-norgestrel","6533-00-2",3.067,312.5," "," ",11,0,0.0392,NA,TRUE,NA,NA,NA,NA
"DTXSID6025226","Econazole nitrate","24169-02-6",1.082,444.7,"6.48"," ",6.02,0.00192,0.00553,NA,TRUE,NA,NA,NA,NA
"DTXSID7047277","Elzasonan","361343-19-3",4.692,448.4,"7.79"," ",21.1,0,0.0329,NA,TRUE,NA,NA,NA,NA
"DTXSID4047258","Enadoline","124378-77-4",2.894,396.5,"9.74"," ",3.36,0,0.263,NA,TRUE,NA,NA,NA,NA
"DTXSID7024081","Endothal","145-73-3",1.907,186.2," ","3.5,5.55",0,0.999,0.867,NA,TRUE,NA,NA,NA,NA
"DTXSID3021645","Octanoic acid","124-07-2",3.049,144.2," ","5.19",5.626,NA,0,NA,TRUE,NA,NA,NA,NA
"DTXSID0025234","Eosin","17372-87-1",4.486,691.9," ","6,6.61",0,0.9991,0.0524,NA,TRUE,NA,NA,NA,NA
"DTXSID1040372","Epoxiconazole","133855-98-8",3.072,329.8,"2"," ",0,0.995,0.0575,NA,TRUE,NA,NA,NA,NA
"DTXSID7047433","Equilin","474-86-2",3.531,268.4," ","9.41",9.74,0.04796,0.0583,NA,TRUE,NA,NA,NA,NA
"DTXSID9044950","Exifone","52479-85-3",1.158,278.2," ","7.08,7.7,8.92,11.2,12.8,13.4",28.1,0,1.93e-08,NA,TRUE,NA,NA,NA,NA
"DTXSID7048168","Fabesetron hydrochloride","129299-90-7",0.4345,329.8,"6.62","14.4",7.56,0,0.0309,NA,TRUE,NA,NA,NA,NA
"DTXSID5041726","C.i. direct red 81 disodium salt","2610-11-9",2.851,675.6," ","-3.35,-2.5,10.8",1.492,NA,4.049e-05,NA,TRUE,NA,NA,NA,NA
"DTXSID3020673","Fd&c green no. 3","2353-45-9",4.633,808.8,"3.5","-2.39,-1.89,-1.38,8.95",0,0.9991,0.0151,NA,TRUE,NA,NA,NA,NA
"DTXSID6021456","Fd&c yellow 6","2783-94-0",1.779,452.4," ","-3.4,-2.39,11.8",18.9,0.01874,1.38e-07,NA,TRUE,NA,NA,NA,NA
"DTXSID2029874","Fenofibrate","49562-28-9",4.943,360.8," "," ",563,0,0.00815,NA,TRUE,NA,NA,NA,NA
"DTXSID0040755","Fenoxaprop-(2s)-ethyl","113776-20-8",4.579,361.8," "," ",723,0,0.00537,NA,TRUE,NA,NA,NA,NA
"DTXSID2034598","Fenoxaprop-p-ethyl","71283-80-2",4.579,361.8," "," ",519,0,0.00635,NA,TRUE,NA,NA,NA,NA
"DTXSID2032550","Fenpyroximate (z,e)","111812-58-9",5.008,421.5,"2.7,1.72"," ",16.8,0,0.0046,NA,TRUE,NA,NA,NA,NA
"DTXSID7037551","Fenuron","101-42-8",0.9813,164.2," ","13.5",2.89,0,0.564,NA,TRUE,NA,NA,NA,NA
"DTXSID3034612","Fluazifop-butyl","69806-50-4",4.5,383.4,"0.8"," ",401,0,0.00862,NA,TRUE,NA,NA,NA,NA
"DTXSID3034618","Flufenpyr-ethyl","188489-07-8",4.075,408.7," "," ",375,0,0.769,NA,TRUE,NA,NA,NA,NA
"DTXSID7024112","Fomesafen","72178-02-0",2.902,438.8," ","3.93",0,0.9986,0.017,NA,TRUE,NA,NA,NA,NA
"DTXSID6024123","Haloxyfop-methyl","69806-40-2",4.07,375.7," "," ",467,0,0.00819,NA,TRUE,NA,NA,NA,NA
"DTXSID6023868","Hydramethylnon","67485-29-4",2.313,494.5,"6.92,1.21"," ",4.38,0.00596,1.37e-08,NA,TRUE,NA,NA,NA,NA
"DTXSID8033562","Hydroxyflutamide","52806-53-8",2.7,292.2," ","11.8,14",0,0.9937,0.166,NA,TRUE,NA,NA,NA,NA
"DTXSID6043915","Hydroxyprogesterone caproate","630-56-8",5.315,428.6," "," ",195,0,0.0175,NA,TRUE,NA,NA,NA,NA
"DTXSID7047356","Ilepatril","473289-62-2",2.475,432.5," ","3.6,12.4",5.55,0,0.319,NA,TRUE,NA,NA,NA,NA
"DTXSID4047252","Ingliforib","186392-65-4",0.4186,457.9," ","12.5,13.4,14.1,15",2.09,0.02342,0.0234,NA,TRUE,NA,NA,NA,NA
"DTXSID7034674","Ipconazole","125225-28-7",4.208,333.9,"2.01","13.8",101,0,0.0132,NA,TRUE,NA,NA,NA,NA
"DTXSID8032417","Isofenphos","25311-71-1",4.117,345.4," ","9.76",158,0,0.0105,NA,TRUE,NA,NA,NA,NA
"DTXSID8024157","Isopropalin","33820-53-0",4.502,309.4," "," ",12.5,0,2.92e-08,NA,TRUE,NA,NA,NA,NA
"DTXSID6025486","Isoproterenol hydrochloride","51-30-9",-1.184,247.7,"8.96","9.81,12.6,14.4",0,0.9962,0.609,NA,TRUE,NA,NA,NA,NA
"DTXSID1042077","Isoproturon","34123-59-6",2.686,206.3," ","13.8",0,0.9974,0.258,NA,TRUE,NA,NA,NA,NA
"DTXSID0042086","Laurocapram","59227-89-3",6.109,281.5," "," ",9.8,2e-05,0.00275,NA,TRUE,NA,NA,NA,NA
"DTXSID0048189","Lauryl gallate","1166-52-5",4.638,338.4," ","8.11,11.3,13.8",0,0.9977,2.2e-08,NA,TRUE,NA,NA,NA,NA
"DTXSID7031531","Leucomalachite green","129-73-7",5.525,330.5,"5.17,4.56"," ",0,0.8798,2e-08,NA,TRUE,NA,NA,NA,NA
"DTXSID8023214","Levothyroxine","51-48-9",4.927,776.9,"9.43","0.27,7.43",0,0.9992,2.42e-08,NA,TRUE,NA,NA,NA,NA
"DTXSID9047542","Picoxystrobin","117428-22-5",3.702,367.3," "," ",57.1,0,0.007216,NA,TRUE,NA,NA,NA,NA
"DTXSID9020790","Malaoxon","1634-78-2",1.724,314.3," "," ",55.9,0,0.538,NA,TRUE,NA,NA,NA,NA
"DTXSID5048184","Melengestrol acetate","2919-66-6",3.327,396.5," "," ",41.4,0,0.0232,NA,TRUE,NA,NA,NA,NA
"DTXSID7047568","Metamitron","41394-05-2",0.8305,202.2,"2.78"," ",0,0.9979,0.693,NA,TRUE,NA,NA,NA,NA
"DTXSID6020692","Methenamine","100-97-0",-0.1649,140.2,"5.88,4.02,2.29,0.56"," ",0,0.9991,0.352,NA,TRUE,NA,NA,NA,NA
"DTXSID4024274","Propachlor","1918-16-7",2.182,211.7," "," ",69.7,0,0.345,NA,TRUE,NA,NA,NA,NA
"DTXSID6025567","Methyl 2-aminobenzoate","134-20-3",1.877,151.2,"2.12"," ",246,0,0.224,NA,TRUE,NA,NA,NA,NA
"DTXSID8024280","Propiconazole","60207-90-1",3.717,342.2,"1.95"," ",17,0,0.0508,NA,TRUE,NA,NA,NA,NA
"DTXSID1042154","Methyl red","493-52-7",3.345,269.3,"3.79","3.15",11.1,0,0.0304,NA,TRUE,NA,NA,NA,NA
"DTXSID5025659","Methyl salicylate","119-36-8",2.547,152.1," ","9.72",817,0,0.107,NA,TRUE,NA,NA,NA,NA
"DTXSID0023296","Methylene blue","61-73-4",0.6257,319.8,"2.44"," ",13.9,0,0.38,NA,TRUE,NA,NA,NA,NA
"DTXSID2020894","Michler's ketone","90-94-8",3.869,268.4,"3.73,3.12"," ",39.2,0,0.00959,NA,TRUE,NA,NA,NA,NA
"DTXSID4031980","Resveratrol","501-36-0",3.304,228.2," ","8.99,9.63,10.6",62.9,0,5.86e-08,NA,TRUE,NA,NA,NA,NA
"DTXSID0037576","Monolinuron","1746-81-2",2.297,214.6," ","12.1",0,0.9575,0.205,NA,TRUE,NA,NA,NA,NA
"DTXSID9040001","Monomethyl phthalate","4376-18-5",1.139,180.2," ","3.09",0,0.9244,0.372,NA,TRUE,NA,NA,NA,NA
"DTXSID3040776","Morin hydrate","654055-01-3",1.499,338.3," ","7.57,8.75,9.35,10.5,14.5",0,0.9976,5.73e-08,NA,TRUE,NA,NA,NA,NA
"DTXSID7032630","N-benzyladenine","1214-39-7",1.567,225.3,"0.86","6.12",0,0.987,0.138,NA,TRUE,NA,NA,NA,NA
"DTXSID1025271","N-ethylaniline","103-69-5",2.16,121.2,"4.91"," ",21.8,0,0.214,NA,TRUE,NA,NA,NA,NA
"DTXSID6020856","N-methyl-2-pyrrolidone","872-50-4",-0.4585,99.13," "," ",0.04123,NA,0.888,NA,TRUE,NA,NA,NA,NA
"DTXSID7021992","Sodium saccharin hydrate","82385-42-0",-2.005,223.2," ","1.94",0,0.5437,0.698,NA,TRUE,NA,NA,NA,NA
"DTXSID2021440","N-vinyl-2-pyrrolidone","88-12-0",0.3681,111.1," "," ",0,0.9989,0.953,NA,TRUE,NA,NA,NA,NA
"DTXSID7047697","Naphthalen-2-yl 2-aminobenzoate","63449-68-3",3.48,263.3,"2.07"," ",846,0,0.00653,NA,TRUE,NA,NA,NA,NA
"DTXSID7047358","Nelivaptan","439687-69-1",2.791,630.1," ","14.8",35.3,0,0.0608,NA,TRUE,NA,NA,NA,NA
"DTXSID2042436","Sulisobenzone","4065-45-6",2.43,308.3," ","-2.42,6.57",1.05,5e-04,0.00942,NA,TRUE,NA,NA,NA,NA
"DTXSID3034165","Nilutamide","63612-50-0",3.114,317.2," "," ",0,0.9984,0.167,NA,TRUE,NA,NA,NA,NA
"DTXSID5020944","Nitrofurazone","59-87-0",0.2287,198.1," ","11",0,0.9907,0.856,NA,TRUE,NA,NA,NA,NA
"DTXSID5042243","Oleyl sarcosine","110-25-8",6.151,353.5," ","4.12",41.7,0,3.54e-08,NA,TRUE,NA,NA,NA,NA
"DTXSID5044528","Oxyphenisatin","125-13-3",3.339,317.3," ","9.18,9.78,12.8",0,0.9001,0.0266,NA,TRUE,NA,NA,NA,NA
"DTXSID8026303","P-xylenol blue","125-31-5",4.034,410.5," ","9.62,10.2",0,0.9991,0.0261,NA,TRUE,NA,NA,NA,NA
"DTXSID6024046","Paraoxon","311-45-5",1.981,275.2," "," ",0,0.9955,0.46,NA,TRUE,NA,NA,NA,NA
"DTXSID2047307","Pd-0333941","501027-49-2",5.023,390.4,"0.93","4.34",3.4,6e-05,0.00409,NA,TRUE,NA,NA,NA,NA
"DTXSID8021199","Pebulate","1114-71-2",3.835,203.3," "," ",159,0,5.36e-08,NA,TRUE,NA,NA,NA,NA
"DTXSID0048505","Pharmagsid_48505","NOCAS_48505",3.169,353.8,"2.42","8.71",0,0.9982,0.0135,NA,TRUE,NA,NA,NA,NA
"DTXSID9048510","Pharmagsid_48510","460081-99-6",5.009,436.4,"5.08","4.47",7.69,0,0.0142,NA,TRUE,NA,NA,NA,NA
"DTXSID0021123","Phenobarbital sodium","57-30-7",-1.405,254.2," ","0.78,13.6",0,0.9999,0.247,NA,TRUE,NA,NA,NA,NA
"DTXSID8022408","Phenol red","143-74-8",3.02,354.4," ","9.16,9.76",1.1,0,0.142,NA,TRUE,NA,NA,NA,NA
"DTXSID2044420","Phenol red sodium salt","34487-61-1",0.9263,376.4," ","9.16,9.76",0,0.9982,0.0878,NA,TRUE,NA,NA,NA,NA
"DTXSID5022439","Phenolphthalin","81-90-3",2.612,320.3," ","3.71,9.68,10.3",1.85,0.00762,0.00918,NA,TRUE,NA,NA,NA,NA
"DTXSID5021126","Phenothiazine","92-84-2",4.149,199.3," "," ",0,0.9977,0.0043,NA,TRUE,NA,NA,NA,NA
"DTXSID0022777","Celecoxib","169590-42-5",3.566,381.4," ","10.6",25.7,NA,0.002837,NA,TRUE,NA,NA,NA,NA
"DTXSID9032535","Trinexapac-ethyl","95266-40-3",0.968,252.3," ","8.38",3.82,0,0.137,NA,TRUE,NA,NA,NA,NA
"DTXSID4026214","Triclocarban","101-20-2",4.666,315.6," ","11.4",9.45,NA,0.003883,NA,TRUE,NA,NA,NA,NA
"DTXSID8037594","Secbumeton","26259-45-0",3.103,225.3,"5","14.4",6.53,0,0.0461,NA,TRUE,NA,NA,NA,NA
"DTXSID6047525","Pravastatin sodium","81131-70-6",-0.2281,446.5," ","4.21,14.6",0,0.9995,0.361,NA,TRUE,NA,NA,NA,NA
"DTXSID9033923","Procymidone","32809-16-8",3.081,284.1," "," ",5.32,0,0.0499,NA,TRUE,NA,NA,NA,NA
"DTXSID0044361","Hexanedihydrazide","1071-93-8",-0.2851,174.2,"3.57,2.97","12.6,13.1",0.6018,NA,0.9601,NA,TRUE,NA,NA,NA,NA
"DTXSID4024276","Propargite","2312-35-8",4.999,350.5," "," ",24,0,0.0133,NA,TRUE,NA,NA,NA,NA
"DTXSID2025050","Diethylenetriamine","111-40-0",-0.8286,103.2,"9.93,8.84,5.37"," ",2.003,NA,0.9678,NA,TRUE,NA,NA,NA,NA
"DTXSID9034864","Propoxycarbazone-sodium","181274-15-7",1.191,420.4," ","3.39",0,0.3389,0.00891,NA,TRUE,NA,NA,NA,NA
"DTXSID5021201","Propyl gallate","121-79-9",1.8,212.2," ","8.11,11.3,13.8",49.7,0,0.0258,NA,TRUE,NA,NA,NA,NA
"DTXSID8034871","Pyraflufen-ethyl","129630-19-9",3.491,413.2,"0.91"," ",0,0.1668,0.435,NA,TRUE,NA,NA,NA,NA
"DTXSID1034181","Raloxifene hydrochloride","82640-04-8",1.57,510,"7.95","8.89,9.55",43.7,0,0.0129,NA,TRUE,NA,NA,NA,NA
"DTXSID5047037","Tembotrione","335104-84-2",1.926,440.8," ","6.85",0,0.9999,0.0919,NA,TRUE,NA,NA,NA,NA
"DTXSID1021243","Rhodamine 6g","989-38-8",1.207,479,"2.34,1.58"," ",0,0.9989,3.14e-07,NA,TRUE,NA,NA,NA,NA
"DTXSID6042280","Phenthoate","2597-03-7",3.69,320.4," "," ",168,NA,0.02456,NA,TRUE,NA,NA,NA,NA
"DTXSID5044520","Tetrabromophenolphthalein ethyl ester","1176-74-5",5.769,662," ","6.19",0,0.6276,0.0114,NA,TRUE,NA,NA,NA,NA
"DTXSID1026035","Sodium 2-mercaptobenzothiolate","2492-26-4",1.009,189.2,"1.26","7.46",41.7,0,0.0368,NA,TRUE,NA,NA,NA,NA
"DTXSID3027320","Sodium 4-nitrophenolate","824-78-2",-1.518,161.1," ","7.07",48.1,0,0.17,NA,TRUE,NA,NA,NA,NA
"DTXSID7026029","Sodium dehydroacetate","4418-26-2",-2.545,190.1," ","3.13",0,0.9998,0.062,NA,TRUE,NA,NA,NA,NA
"DTXSID9047598","4,4'-sulfonylbis[2-(prop-2-en-1-yl)phenol]","41481-66-7",2.843,330.4," ","7.22,7.83",84.7,NA,0.0759,NA,TRUE,NA,NA,NA,NA
"DTXSID6021290","Sulfamethazine","57-68-1",0.1913,278.3,"2","6.99",0,0.9999,0.175,NA,TRUE,NA,NA,NA,NA
"DTXSID8042424","Sulfaquinoxaline","59-40-5",1.68,300.3,"2.13","6.79",0,0.9929,0.0037,NA,TRUE,NA,NA,NA,NA
"DTXSID7024328","Sulfotepp","3689-24-5",3.988,322.3," "," ",101,0,0.0206,NA,TRUE,NA,NA,NA,NA
"DTXSID4038924","Hexyl salicylate","6259-76-3",3.185,222.3," ","9.72",191.4,NA,0,NA,TRUE,NA,NA,NA,NA
"DTXSID2047357","Surinabant","288104-79-0",5.451,522.3,"1.6","10.8",0,0.9088,3.63e-08,NA,TRUE,NA,NA,NA,NA
"DTXSID9025293","2-ethylhexanoic acid","149-57-5",2.643,144.2," ","5.14",1.715,NA,0.1316,NA,TRUE,NA,NA,NA,NA
"DTXSID2022254","Terbufos","13071-79-9",4.478,288.4," "," ",32.5,0,0.0306,NA,TRUE,NA,NA,NA,NA
"DTXSID9036515","Testosterone propionate","57-85-2",4.102,344.5," "," ",427,0,3.71e-08,NA,TRUE,NA,NA,NA,NA
"DTXSID7020762","Isopropanol","67-63-0",0.05195,60.1," "," ",0.2182,NA,0.9214,NA,TRUE,NA,NA,NA,NA
"DTXSID30865801","Tetrahydrocurcumin","36062-04-1",2.343,372.4," ","9.36,9.91,10.4",173,0,0.0501,NA,TRUE,NA,NA,NA,NA
"DTXSID9026132","Theobromine","83-67-0",-0.7743,180.2," ","9.24",396,0,0.955,NA,TRUE,NA,NA,NA,NA
"DTXSID5021332","Thiram","137-26-8",1.73,240.4," "," ",816,0,3.86e-08,NA,TRUE,NA,NA,NA,NA
"DTXSID3021358","Tolazamide","1156-19-0",2.687,311.4,"1.61","4.07,14.2",0,0.9973,0.065,NA,TRUE,NA,NA,NA,NA
"DTXSID1034973","Tralkoxydim","87820-88-0",4.461,329.4,"2.74"," ",0,0.9916,0.169,NA,TRUE,NA,NA,NA,NA
"DTXSID2047355","Trelanserin","189003-92-7",2.729,465.6,"7.74,4.17"," ",7.06,0,0.0607,NA,TRUE,NA,NA,NA,NA
"DTXSID9037612","Triazophos","24017-47-8",3.341,313.3," "," ",30.2,0,0.049,NA,TRUE,NA,NA,NA,NA
"DTXSID4027608","Terbuthylazine","5915-41-3",3.21,229.7,"3.18","14.2",4.1,NA,0.08238,NA,TRUE,NA,NA,NA,NA
"DTXSID8026224","Triethylene glycol dimethyl ether","112-49-2",-0.1647,178.2," "," ",0,0.9999,0.66,NA,TRUE,NA,NA,NA,NA
"DTXSID9020584","Ethanol","64-17-5",-0.3097,46.07," "," ",3.958,NA,0.9338,NA,TRUE,NA,NA,NA,NA
"DTXSID3020881","4-(n-methyl-n-nitrosamino)-1-(3-pyridyl)-1-butanone","64091-91-4",1.082,207.2,"3.96,3.26"," ",4.538,NA,0.9647,NA,TRUE,NA,NA,NA,NA
"DTXSID4041280","4-hydroxy-2,2,6,6-tetramethylpiperidin-1-yl)oxidanyl","2226-96-2",0.8918,172.2,"3.13","14.7",10.4,NA,1,NA,TRUE,NA,NA,NA,NA
"DTXSID0044818","2-butyloctan-1-ol","3913-02-8",4.816,186.3," "," ",0.658,NA,1,NA,TRUE,NA,NA,NA,NA
"DTXSID0020814","Mestranol","72-33-3",4.15,310.4," "," ",10.2,NA,0.04205,NA,TRUE,NA,NA,NA,NA
"DTXSID6044357","(4-methoxyphenyl)methanol","105-13-5",1.1,138.2," "," ",90.03,NA,0.9392,NA,TRUE,NA,NA,NA,NA
"DTXSID3026728","(2z)-3,7-dimethylocta-2,6-dien-1-ol","106-25-2",3.558,154.3," "," ",1.57,NA,0,NA,TRUE,NA,NA,NA,NA
"DTXSID5033836","4-n-nonylphenol","104-40-5",5.757,220.4," ","10.3",62.6,NA,0.0209,NA,TRUE,NA,NA,NA,NA
"DTXSID5046801","Mizolastine","108612-45-9",3.333,432.5,"5.63,2.87","8.08",6,NA,0.023,NA,TRUE,NA,NA,NA,NA
"DTXSID7044427","4-morpholinecarboxaldehyde","4394-85-8",-1.057,115.1," "," ",0.4016,NA,0.9528,NA,TRUE,NA,NA,NA,NA
"DTXSID1024097","2-butoxyethanol","111-76-2",0.828,118.2," "," ",0.8515,NA,0.8332,NA,TRUE,NA,NA,NA,NA
"DTXSID9042170","4,4'-(oxydiethylene)bis(morpholine)","6425-39-4",0.01817,244.3,"7.17,6.25"," ",2.573,NA,1,NA,TRUE,NA,NA,NA,NA
"DTXSID4034497","Metconazole","125116-23-6",3.85,319.8,"2.01","13.7",16.7,NA,0.02646,NA,TRUE,NA,NA,NA,NA
"DTXSID0021333","Tetramethylthiuram monosulfide","97-74-5",0.9374,208.4," "," ",18.06,NA,0.6276,NA,TRUE,NA,NA,NA,NA
"DTXSID2029246","Triethoxyoctylsilane","2943-75-1",4.71,276.5," "," ",11.06,NA,0.026,NA,TRUE,NA,NA,NA,NA
"DTXSID7044922","1-(2-hydroxyethyl)pyrrolidin-2-one","3445-11-2",-0.7006,129.2," "," ",0.1559,NA,1,NA,TRUE,NA,NA,NA,NA
"DTXSID1020142","6-phenyl-1,3,5-triazine-2,4-diamine","91-76-9",1.362,187.2,"6.02,0.1"," ",1.18,NA,0.343,NA,TRUE,NA,NA,NA,NA
"DTXSID7042011","N-dodecanoyl-n-methylglycine","97-78-9",3.792,271.4," ","4.12",42.07,NA,0.003219,NA,TRUE,NA,NA,NA,NA
"DTXSID9044821","Ethyl 2-cyano-3,3-diphenylacrylate","5232-99-5",2.97,277.3," "," ",161.3,NA,0.007005,NA,TRUE,NA,NA,NA,NA
"DTXSID0044997","2,6-di-tert-butyl-4-[(dimethylamino)methyl]phenol","88-27-7",4.028,263.4,"8.8","10.8",1.55,NA,0.2649,NA,TRUE,NA,NA,NA,NA
"DTXSID5021251","Saccharin","81-07-2",0.9093,183.2," ","1.94",1.917,NA,0.2258,NA,TRUE,NA,NA,NA,NA
"DTXSID8052148","C.i.disperse yellow 42","5124-25-4",4.599,369.4," ","7.92,13.7",109.1,NA,0,NA,TRUE,NA,NA,NA,NA
